번호,광역구분,시,구,지역유형,지역명 키워드,urlRegionKey,작업명 키워드,동적변환 키워드,서비스 계열,신규/기존 구분,수집 우선순위,서치어드바이저 제출용 URL
"1","경기","안성시","","시","안성시","안성시","베란다탄성코트","안성시-베란다탄성코트","탄성코트","신규","P1","https://www.barumspace.co.kr/?k=%EC%95%88%EC%84%B1%EC%8B%9C-%EB%B2%A0%EB%9E%80%EB%8B%A4%ED%83%84%EC%84%B1%EC%BD%94%ED%8A%B8"
"2","경기","안성시","","시","안성시","안성시","세탁실탄성코트","안성시-세탁실탄성코트","탄성코트","신규","P1","https://www.barumspace.co.kr/?k=%EC%95%88%EC%84%B1%EC%8B%9C-%EC%84%B8%ED%83%81%EC%8B%A4%ED%83%84%EC%84%B1%EC%BD%94%ED%8A%B8"
"3","경기","안성시","","시","안성시","안성시","아파트탄성코트","안성시-아파트탄성코트","탄성코트","신규","P1","https://www.barumspace.co.kr/?k=%EC%95%88%EC%84%B1%EC%8B%9C-%EC%95%84%ED%8C%8C%ED%8A%B8%ED%83%84%EC%84%B1%EC%BD%94%ED%8A%B8"
"4","경기","안성시","","시","안성시","안성시","탄성코트","안성시-탄성코트","탄성코트","신규","P1","https://www.barumspace.co.kr/?k=%EC%95%88%EC%84%B1%EC%8B%9C-%ED%83%84%EC%84%B1%EC%BD%94%ED%8A%B8"
"5","경기","안성시","","시","안성시","안성시","탄성코트시공","안성시-탄성코트시공","탄성코트","신규","P1","https://www.barumspace.co.kr/?k=%EC%95%88%EC%84%B1%EC%8B%9C-%ED%83%84%EC%84%B1%EC%BD%94%ED%8A%B8%EC%8B%9C%EA%B3%B5"
"6","경기","안성시","","시","안성시","안성시","탄성코트업체","안성시-탄성코트업체","탄성코트","신규","P1","https://www.barumspace.co.kr/?k=%EC%95%88%EC%84%B1%EC%8B%9C-%ED%83%84%EC%84%B1%EC%BD%94%ED%8A%B8%EC%97%85%EC%B2%B4"
"7","경기","오산시","","시","오산시","오산시","베란다탄성코트","오산시-베란다탄성코트","탄성코트","오산 Pilot","P1","https://www.barumspace.co.kr/?k=%EC%98%A4%EC%82%B0%EC%8B%9C-%EB%B2%A0%EB%9E%80%EB%8B%A4%ED%83%84%EC%84%B1%EC%BD%94%ED%8A%B8"
"8","경기","오산시","","시","오산시","오산시","세탁실탄성코트","오산시-세탁실탄성코트","탄성코트","오산 Pilot","P1","https://www.barumspace.co.kr/?k=%EC%98%A4%EC%82%B0%EC%8B%9C-%EC%84%B8%ED%83%81%EC%8B%A4%ED%83%84%EC%84%B1%EC%BD%94%ED%8A%B8"
"9","경기","오산시","","시","오산시","오산시","아파트탄성코트","오산시-아파트탄성코트","탄성코트","오산 Pilot","P1","https://www.barumspace.co.kr/?k=%EC%98%A4%EC%82%B0%EC%8B%9C-%EC%95%84%ED%8C%8C%ED%8A%B8%ED%83%84%EC%84%B1%EC%BD%94%ED%8A%B8"
"10","경기","오산시","","시","오산시","오산시","탄성코트","오산시-탄성코트","탄성코트","오산 Pilot","P1","https://www.barumspace.co.kr/?k=%EC%98%A4%EC%82%B0%EC%8B%9C-%ED%83%84%EC%84%B1%EC%BD%94%ED%8A%B8"
"11","경기","오산시","","시","오산시","오산시","탄성코트시공","오산시-탄성코트시공","탄성코트","오산 Pilot","P1","https://www.barumspace.co.kr/?k=%EC%98%A4%EC%82%B0%EC%8B%9C-%ED%83%84%EC%84%B1%EC%BD%94%ED%8A%B8%EC%8B%9C%EA%B3%B5"
"12","경기","오산시","","시","오산시","오산시","탄성코트업체","오산시-탄성코트업체","탄성코트","오산 Pilot","P1","https://www.barumspace.co.kr/?k=%EC%98%A4%EC%82%B0%EC%8B%9C-%ED%83%84%EC%84%B1%EC%BD%94%ED%8A%B8%EC%97%85%EC%B2%B4"
"13","경기","용인시","","시","용인시","용인시","베란다탄성코트","용인시-베란다탄성코트","탄성코트","신규","P1","https://www.barumspace.co.kr/?k=%EC%9A%A9%EC%9D%B8%EC%8B%9C-%EB%B2%A0%EB%9E%80%EB%8B%A4%ED%83%84%EC%84%B1%EC%BD%94%ED%8A%B8"
"14","경기","용인시","","시","용인시","용인시","세탁실탄성코트","용인시-세탁실탄성코트","탄성코트","신규","P1","https://www.barumspace.co.kr/?k=%EC%9A%A9%EC%9D%B8%EC%8B%9C-%EC%84%B8%ED%83%81%EC%8B%A4%ED%83%84%EC%84%B1%EC%BD%94%ED%8A%B8"
"15","경기","용인시","","시","용인시","용인시","아파트탄성코트","용인시-아파트탄성코트","탄성코트","신규","P1","https://www.barumspace.co.kr/?k=%EC%9A%A9%EC%9D%B8%EC%8B%9C-%EC%95%84%ED%8C%8C%ED%8A%B8%ED%83%84%EC%84%B1%EC%BD%94%ED%8A%B8"
"16","경기","용인시","","시","용인시","용인시","탄성코트","용인시-탄성코트","탄성코트","신규","P1","https://www.barumspace.co.kr/?k=%EC%9A%A9%EC%9D%B8%EC%8B%9C-%ED%83%84%EC%84%B1%EC%BD%94%ED%8A%B8"
"17","경기","용인시","","시","용인시","용인시","탄성코트시공","용인시-탄성코트시공","탄성코트","신규","P1","https://www.barumspace.co.kr/?k=%EC%9A%A9%EC%9D%B8%EC%8B%9C-%ED%83%84%EC%84%B1%EC%BD%94%ED%8A%B8%EC%8B%9C%EA%B3%B5"
"18","경기","용인시","","시","용인시","용인시","탄성코트업체","용인시-탄성코트업체","탄성코트","신규","P1","https://www.barumspace.co.kr/?k=%EC%9A%A9%EC%9D%B8%EC%8B%9C-%ED%83%84%EC%84%B1%EC%BD%94%ED%8A%B8%EC%97%85%EC%B2%B4"
"19","경기","용인시","기흥구","구","기흥구","기흥구","베란다탄성코트","기흥구-베란다탄성코트","탄성코트","신규","P1","https://www.barumspace.co.kr/?k=%EA%B8%B0%ED%9D%A5%EA%B5%AC-%EB%B2%A0%EB%9E%80%EB%8B%A4%ED%83%84%EC%84%B1%EC%BD%94%ED%8A%B8"
"20","경기","용인시","기흥구","구","기흥구","기흥구","세탁실탄성코트","기흥구-세탁실탄성코트","탄성코트","신규","P1","https://www.barumspace.co.kr/?k=%EA%B8%B0%ED%9D%A5%EA%B5%AC-%EC%84%B8%ED%83%81%EC%8B%A4%ED%83%84%EC%84%B1%EC%BD%94%ED%8A%B8"
"21","경기","용인시","기흥구","구","기흥구","기흥구","아파트탄성코트","기흥구-아파트탄성코트","탄성코트","신규","P1","https://www.barumspace.co.kr/?k=%EA%B8%B0%ED%9D%A5%EA%B5%AC-%EC%95%84%ED%8C%8C%ED%8A%B8%ED%83%84%EC%84%B1%EC%BD%94%ED%8A%B8"
"22","경기","용인시","기흥구","구","기흥구","기흥구","탄성코트","기흥구-탄성코트","탄성코트","신규","P1","https://www.barumspace.co.kr/?k=%EA%B8%B0%ED%9D%A5%EA%B5%AC-%ED%83%84%EC%84%B1%EC%BD%94%ED%8A%B8"
"23","경기","용인시","기흥구","구","기흥구","기흥구","탄성코트시공","기흥구-탄성코트시공","탄성코트","신규","P1","https://www.barumspace.co.kr/?k=%EA%B8%B0%ED%9D%A5%EA%B5%AC-%ED%83%84%EC%84%B1%EC%BD%94%ED%8A%B8%EC%8B%9C%EA%B3%B5"
"24","경기","용인시","기흥구","구","기흥구","기흥구","탄성코트업체","기흥구-탄성코트업체","탄성코트","신규","P1","https://www.barumspace.co.kr/?k=%EA%B8%B0%ED%9D%A5%EA%B5%AC-%ED%83%84%EC%84%B1%EC%BD%94%ED%8A%B8%EC%97%85%EC%B2%B4"
"25","경기","용인시","수지구","구","수지구","수지구","베란다탄성코트","수지구-베란다탄성코트","탄성코트","신규","P1","https://www.barumspace.co.kr/?k=%EC%88%98%EC%A7%80%EA%B5%AC-%EB%B2%A0%EB%9E%80%EB%8B%A4%ED%83%84%EC%84%B1%EC%BD%94%ED%8A%B8"
"26","경기","용인시","수지구","구","수지구","수지구","세탁실탄성코트","수지구-세탁실탄성코트","탄성코트","신규","P1","https://www.barumspace.co.kr/?k=%EC%88%98%EC%A7%80%EA%B5%AC-%EC%84%B8%ED%83%81%EC%8B%A4%ED%83%84%EC%84%B1%EC%BD%94%ED%8A%B8"
"27","경기","용인시","수지구","구","수지구","수지구","아파트탄성코트","수지구-아파트탄성코트","탄성코트","신규","P1","https://www.barumspace.co.kr/?k=%EC%88%98%EC%A7%80%EA%B5%AC-%EC%95%84%ED%8C%8C%ED%8A%B8%ED%83%84%EC%84%B1%EC%BD%94%ED%8A%B8"
"28","경기","용인시","수지구","구","수지구","수지구","탄성코트","수지구-탄성코트","탄성코트","신규","P1","https://www.barumspace.co.kr/?k=%EC%88%98%EC%A7%80%EA%B5%AC-%ED%83%84%EC%84%B1%EC%BD%94%ED%8A%B8"
"29","경기","용인시","수지구","구","수지구","수지구","탄성코트시공","수지구-탄성코트시공","탄성코트","신규","P1","https://www.barumspace.co.kr/?k=%EC%88%98%EC%A7%80%EA%B5%AC-%ED%83%84%EC%84%B1%EC%BD%94%ED%8A%B8%EC%8B%9C%EA%B3%B5"
"30","경기","용인시","수지구","구","수지구","수지구","탄성코트업체","수지구-탄성코트업체","탄성코트","신규","P1","https://www.barumspace.co.kr/?k=%EC%88%98%EC%A7%80%EA%B5%AC-%ED%83%84%EC%84%B1%EC%BD%94%ED%8A%B8%EC%97%85%EC%B2%B4"
"31","경기","용인시","처인구","구","처인구","처인구","베란다탄성코트","처인구-베란다탄성코트","탄성코트","신규","P1","https://www.barumspace.co.kr/?k=%EC%B2%98%EC%9D%B8%EA%B5%AC-%EB%B2%A0%EB%9E%80%EB%8B%A4%ED%83%84%EC%84%B1%EC%BD%94%ED%8A%B8"
"32","경기","용인시","처인구","구","처인구","처인구","세탁실탄성코트","처인구-세탁실탄성코트","탄성코트","신규","P1","https://www.barumspace.co.kr/?k=%EC%B2%98%EC%9D%B8%EA%B5%AC-%EC%84%B8%ED%83%81%EC%8B%A4%ED%83%84%EC%84%B1%EC%BD%94%ED%8A%B8"
"33","경기","용인시","처인구","구","처인구","처인구","아파트탄성코트","처인구-아파트탄성코트","탄성코트","신규","P1","https://www.barumspace.co.kr/?k=%EC%B2%98%EC%9D%B8%EA%B5%AC-%EC%95%84%ED%8C%8C%ED%8A%B8%ED%83%84%EC%84%B1%EC%BD%94%ED%8A%B8"
"34","경기","용인시","처인구","구","처인구","처인구","탄성코트","처인구-탄성코트","탄성코트","신규","P1","https://www.barumspace.co.kr/?k=%EC%B2%98%EC%9D%B8%EA%B5%AC-%ED%83%84%EC%84%B1%EC%BD%94%ED%8A%B8"
"35","경기","용인시","처인구","구","처인구","처인구","탄성코트시공","처인구-탄성코트시공","탄성코트","신규","P1","https://www.barumspace.co.kr/?k=%EC%B2%98%EC%9D%B8%EA%B5%AC-%ED%83%84%EC%84%B1%EC%BD%94%ED%8A%B8%EC%8B%9C%EA%B3%B5"
"36","경기","용인시","처인구","구","처인구","처인구","탄성코트업체","처인구-탄성코트업체","탄성코트","신규","P1","https://www.barumspace.co.kr/?k=%EC%B2%98%EC%9D%B8%EA%B5%AC-%ED%83%84%EC%84%B1%EC%BD%94%ED%8A%B8%EC%97%85%EC%B2%B4"
"37","경기","이천시","","시","이천시","이천시","베란다탄성코트","이천시-베란다탄성코트","탄성코트","신규","P1","https://www.barumspace.co.kr/?k=%EC%9D%B4%EC%B2%9C%EC%8B%9C-%EB%B2%A0%EB%9E%80%EB%8B%A4%ED%83%84%EC%84%B1%EC%BD%94%ED%8A%B8"
"38","경기","이천시","","시","이천시","이천시","세탁실탄성코트","이천시-세탁실탄성코트","탄성코트","신규","P1","https://www.barumspace.co.kr/?k=%EC%9D%B4%EC%B2%9C%EC%8B%9C-%EC%84%B8%ED%83%81%EC%8B%A4%ED%83%84%EC%84%B1%EC%BD%94%ED%8A%B8"
"39","경기","이천시","","시","이천시","이천시","아파트탄성코트","이천시-아파트탄성코트","탄성코트","신규","P1","https://www.barumspace.co.kr/?k=%EC%9D%B4%EC%B2%9C%EC%8B%9C-%EC%95%84%ED%8C%8C%ED%8A%B8%ED%83%84%EC%84%B1%EC%BD%94%ED%8A%B8"
"40","경기","이천시","","시","이천시","이천시","탄성코트","이천시-탄성코트","탄성코트","신규","P1","https://www.barumspace.co.kr/?k=%EC%9D%B4%EC%B2%9C%EC%8B%9C-%ED%83%84%EC%84%B1%EC%BD%94%ED%8A%B8"
"41","경기","이천시","","시","이천시","이천시","탄성코트시공","이천시-탄성코트시공","탄성코트","신규","P1","https://www.barumspace.co.kr/?k=%EC%9D%B4%EC%B2%9C%EC%8B%9C-%ED%83%84%EC%84%B1%EC%BD%94%ED%8A%B8%EC%8B%9C%EA%B3%B5"
"42","경기","이천시","","시","이천시","이천시","탄성코트업체","이천시-탄성코트업체","탄성코트","신규","P1","https://www.barumspace.co.kr/?k=%EC%9D%B4%EC%B2%9C%EC%8B%9C-%ED%83%84%EC%84%B1%EC%BD%94%ED%8A%B8%EC%97%85%EC%B2%B4"
"43","경기","평택시","","시","평택시","평택시","베란다탄성코트","평택시-베란다탄성코트","탄성코트","신규","P1","https://www.barumspace.co.kr/?k=%ED%8F%89%ED%83%9D%EC%8B%9C-%EB%B2%A0%EB%9E%80%EB%8B%A4%ED%83%84%EC%84%B1%EC%BD%94%ED%8A%B8"
"44","경기","평택시","","시","평택시","평택시","세탁실탄성코트","평택시-세탁실탄성코트","탄성코트","신규","P1","https://www.barumspace.co.kr/?k=%ED%8F%89%ED%83%9D%EC%8B%9C-%EC%84%B8%ED%83%81%EC%8B%A4%ED%83%84%EC%84%B1%EC%BD%94%ED%8A%B8"
"45","경기","평택시","","시","평택시","평택시","아파트탄성코트","평택시-아파트탄성코트","탄성코트","신규","P1","https://www.barumspace.co.kr/?k=%ED%8F%89%ED%83%9D%EC%8B%9C-%EC%95%84%ED%8C%8C%ED%8A%B8%ED%83%84%EC%84%B1%EC%BD%94%ED%8A%B8"
"46","경기","평택시","","시","평택시","평택시","탄성코트","평택시-탄성코트","탄성코트","신규","P1","https://www.barumspace.co.kr/?k=%ED%8F%89%ED%83%9D%EC%8B%9C-%ED%83%84%EC%84%B1%EC%BD%94%ED%8A%B8"
"47","경기","평택시","","시","평택시","평택시","탄성코트시공","평택시-탄성코트시공","탄성코트","신규","P1","https://www.barumspace.co.kr/?k=%ED%8F%89%ED%83%9D%EC%8B%9C-%ED%83%84%EC%84%B1%EC%BD%94%ED%8A%B8%EC%8B%9C%EA%B3%B5"
"48","경기","평택시","","시","평택시","평택시","탄성코트업체","평택시-탄성코트업체","탄성코트","신규","P1","https://www.barumspace.co.kr/?k=%ED%8F%89%ED%83%9D%EC%8B%9C-%ED%83%84%EC%84%B1%EC%BD%94%ED%8A%B8%EC%97%85%EC%B2%B4"
"49","경기","화성시","","시","화성시","화성시","베란다탄성코트","화성시-베란다탄성코트","탄성코트","신규","P1","https://www.barumspace.co.kr/?k=%ED%99%94%EC%84%B1%EC%8B%9C-%EB%B2%A0%EB%9E%80%EB%8B%A4%ED%83%84%EC%84%B1%EC%BD%94%ED%8A%B8"
"50","경기","화성시","","시","화성시","화성시","세탁실탄성코트","화성시-세탁실탄성코트","탄성코트","신규","P1","https://www.barumspace.co.kr/?k=%ED%99%94%EC%84%B1%EC%8B%9C-%EC%84%B8%ED%83%81%EC%8B%A4%ED%83%84%EC%84%B1%EC%BD%94%ED%8A%B8"
"51","경기","화성시","","시","화성시","화성시","아파트탄성코트","화성시-아파트탄성코트","탄성코트","신규","P1","https://www.barumspace.co.kr/?k=%ED%99%94%EC%84%B1%EC%8B%9C-%EC%95%84%ED%8C%8C%ED%8A%B8%ED%83%84%EC%84%B1%EC%BD%94%ED%8A%B8"
"52","경기","화성시","","시","화성시","화성시","탄성코트","화성시-탄성코트","탄성코트","신규","P1","https://www.barumspace.co.kr/?k=%ED%99%94%EC%84%B1%EC%8B%9C-%ED%83%84%EC%84%B1%EC%BD%94%ED%8A%B8"
"53","경기","화성시","","시","화성시","화성시","탄성코트시공","화성시-탄성코트시공","탄성코트","신규","P1","https://www.barumspace.co.kr/?k=%ED%99%94%EC%84%B1%EC%8B%9C-%ED%83%84%EC%84%B1%EC%BD%94%ED%8A%B8%EC%8B%9C%EA%B3%B5"
"54","경기","화성시","","시","화성시","화성시","탄성코트업체","화성시-탄성코트업체","탄성코트","신규","P1","https://www.barumspace.co.kr/?k=%ED%99%94%EC%84%B1%EC%8B%9C-%ED%83%84%EC%84%B1%EC%BD%94%ED%8A%B8%EC%97%85%EC%B2%B4"
"55","경기","화성시","당성구","구","당성구","당성구","베란다탄성코트","당성구-베란다탄성코트","탄성코트","신규","P1","https://www.barumspace.co.kr/?k=%EB%8B%B9%EC%84%B1%EA%B5%AC-%EB%B2%A0%EB%9E%80%EB%8B%A4%ED%83%84%EC%84%B1%EC%BD%94%ED%8A%B8"
"56","경기","화성시","당성구","구","당성구","당성구","세탁실탄성코트","당성구-세탁실탄성코트","탄성코트","신규","P1","https://www.barumspace.co.kr/?k=%EB%8B%B9%EC%84%B1%EA%B5%AC-%EC%84%B8%ED%83%81%EC%8B%A4%ED%83%84%EC%84%B1%EC%BD%94%ED%8A%B8"
"57","경기","화성시","당성구","구","당성구","당성구","아파트탄성코트","당성구-아파트탄성코트","탄성코트","신규","P1","https://www.barumspace.co.kr/?k=%EB%8B%B9%EC%84%B1%EA%B5%AC-%EC%95%84%ED%8C%8C%ED%8A%B8%ED%83%84%EC%84%B1%EC%BD%94%ED%8A%B8"
"58","경기","화성시","당성구","구","당성구","당성구","탄성코트","당성구-탄성코트","탄성코트","신규","P1","https://www.barumspace.co.kr/?k=%EB%8B%B9%EC%84%B1%EA%B5%AC-%ED%83%84%EC%84%B1%EC%BD%94%ED%8A%B8"
"59","경기","화성시","당성구","구","당성구","당성구","탄성코트시공","당성구-탄성코트시공","탄성코트","신규","P1","https://www.barumspace.co.kr/?k=%EB%8B%B9%EC%84%B1%EA%B5%AC-%ED%83%84%EC%84%B1%EC%BD%94%ED%8A%B8%EC%8B%9C%EA%B3%B5"
"60","경기","화성시","당성구","구","당성구","당성구","탄성코트업체","당성구-탄성코트업체","탄성코트","신규","P1","https://www.barumspace.co.kr/?k=%EB%8B%B9%EC%84%B1%EA%B5%AC-%ED%83%84%EC%84%B1%EC%BD%94%ED%8A%B8%EC%97%85%EC%B2%B4"
"61","경기","화성시","동탄구","구","동탄구","동탄구","베란다탄성코트","동탄구-베란다탄성코트","탄성코트","신규","P1","https://www.barumspace.co.kr/?k=%EB%8F%99%ED%83%84%EA%B5%AC-%EB%B2%A0%EB%9E%80%EB%8B%A4%ED%83%84%EC%84%B1%EC%BD%94%ED%8A%B8"
"62","경기","화성시","동탄구","구","동탄구","동탄구","세탁실탄성코트","동탄구-세탁실탄성코트","탄성코트","신규","P1","https://www.barumspace.co.kr/?k=%EB%8F%99%ED%83%84%EA%B5%AC-%EC%84%B8%ED%83%81%EC%8B%A4%ED%83%84%EC%84%B1%EC%BD%94%ED%8A%B8"
"63","경기","화성시","동탄구","구","동탄구","동탄구","아파트탄성코트","동탄구-아파트탄성코트","탄성코트","신규","P1","https://www.barumspace.co.kr/?k=%EB%8F%99%ED%83%84%EA%B5%AC-%EC%95%84%ED%8C%8C%ED%8A%B8%ED%83%84%EC%84%B1%EC%BD%94%ED%8A%B8"
"64","경기","화성시","동탄구","구","동탄구","동탄구","탄성코트","동탄구-탄성코트","탄성코트","신규","P1","https://www.barumspace.co.kr/?k=%EB%8F%99%ED%83%84%EA%B5%AC-%ED%83%84%EC%84%B1%EC%BD%94%ED%8A%B8"
"65","경기","화성시","동탄구","구","동탄구","동탄구","탄성코트시공","동탄구-탄성코트시공","탄성코트","신규","P1","https://www.barumspace.co.kr/?k=%EB%8F%99%ED%83%84%EA%B5%AC-%ED%83%84%EC%84%B1%EC%BD%94%ED%8A%B8%EC%8B%9C%EA%B3%B5"
"66","경기","화성시","동탄구","구","동탄구","동탄구","탄성코트업체","동탄구-탄성코트업체","탄성코트","신규","P1","https://www.barumspace.co.kr/?k=%EB%8F%99%ED%83%84%EA%B5%AC-%ED%83%84%EC%84%B1%EC%BD%94%ED%8A%B8%EC%97%85%EC%B2%B4"
"67","경기","화성시","만세구","구","만세구","만세구","베란다탄성코트","만세구-베란다탄성코트","탄성코트","신규","P1","https://www.barumspace.co.kr/?k=%EB%A7%8C%EC%84%B8%EA%B5%AC-%EB%B2%A0%EB%9E%80%EB%8B%A4%ED%83%84%EC%84%B1%EC%BD%94%ED%8A%B8"
"68","경기","화성시","만세구","구","만세구","만세구","세탁실탄성코트","만세구-세탁실탄성코트","탄성코트","신규","P1","https://www.barumspace.co.kr/?k=%EB%A7%8C%EC%84%B8%EA%B5%AC-%EC%84%B8%ED%83%81%EC%8B%A4%ED%83%84%EC%84%B1%EC%BD%94%ED%8A%B8"
"69","경기","화성시","만세구","구","만세구","만세구","아파트탄성코트","만세구-아파트탄성코트","탄성코트","신규","P1","https://www.barumspace.co.kr/?k=%EB%A7%8C%EC%84%B8%EA%B5%AC-%EC%95%84%ED%8C%8C%ED%8A%B8%ED%83%84%EC%84%B1%EC%BD%94%ED%8A%B8"
"70","경기","화성시","만세구","구","만세구","만세구","탄성코트","만세구-탄성코트","탄성코트","신규","P1","https://www.barumspace.co.kr/?k=%EB%A7%8C%EC%84%B8%EA%B5%AC-%ED%83%84%EC%84%B1%EC%BD%94%ED%8A%B8"
"71","경기","화성시","만세구","구","만세구","만세구","탄성코트시공","만세구-탄성코트시공","탄성코트","신규","P1","https://www.barumspace.co.kr/?k=%EB%A7%8C%EC%84%B8%EA%B5%AC-%ED%83%84%EC%84%B1%EC%BD%94%ED%8A%B8%EC%8B%9C%EA%B3%B5"
"72","경기","화성시","만세구","구","만세구","만세구","탄성코트업체","만세구-탄성코트업체","탄성코트","신규","P1","https://www.barumspace.co.kr/?k=%EB%A7%8C%EC%84%B8%EA%B5%AC-%ED%83%84%EC%84%B1%EC%BD%94%ED%8A%B8%EC%97%85%EC%B2%B4"
"73","경기","화성시","효행구","구","효행구","효행구","베란다탄성코트","효행구-베란다탄성코트","탄성코트","신규","P1","https://www.barumspace.co.kr/?k=%ED%9A%A8%ED%96%89%EA%B5%AC-%EB%B2%A0%EB%9E%80%EB%8B%A4%ED%83%84%EC%84%B1%EC%BD%94%ED%8A%B8"
"74","경기","화성시","효행구","구","효행구","효행구","세탁실탄성코트","효행구-세탁실탄성코트","탄성코트","신규","P1","https://www.barumspace.co.kr/?k=%ED%9A%A8%ED%96%89%EA%B5%AC-%EC%84%B8%ED%83%81%EC%8B%A4%ED%83%84%EC%84%B1%EC%BD%94%ED%8A%B8"
"75","경기","화성시","효행구","구","효행구","효행구","아파트탄성코트","효행구-아파트탄성코트","탄성코트","신규","P1","https://www.barumspace.co.kr/?k=%ED%9A%A8%ED%96%89%EA%B5%AC-%EC%95%84%ED%8C%8C%ED%8A%B8%ED%83%84%EC%84%B1%EC%BD%94%ED%8A%B8"
"76","경기","화성시","효행구","구","효행구","효행구","탄성코트","효행구-탄성코트","탄성코트","신규","P1","https://www.barumspace.co.kr/?k=%ED%9A%A8%ED%96%89%EA%B5%AC-%ED%83%84%EC%84%B1%EC%BD%94%ED%8A%B8"
"77","경기","화성시","효행구","구","효행구","효행구","탄성코트시공","효행구-탄성코트시공","탄성코트","신규","P1","https://www.barumspace.co.kr/?k=%ED%9A%A8%ED%96%89%EA%B5%AC-%ED%83%84%EC%84%B1%EC%BD%94%ED%8A%B8%EC%8B%9C%EA%B3%B5"
"78","경기","화성시","효행구","구","효행구","효행구","탄성코트업체","효행구-탄성코트업체","탄성코트","신규","P1","https://www.barumspace.co.kr/?k=%ED%9A%A8%ED%96%89%EA%B5%AC-%ED%83%84%EC%84%B1%EC%BD%94%ED%8A%B8%EC%97%85%EC%B2%B4"
"79","경기","안성시","","동","당왕동","당왕동","베란다탄성코트","당왕동-베란다탄성코트","탄성코트","신규","P2","https://www.barumspace.co.kr/?k=%EB%8B%B9%EC%99%95%EB%8F%99-%EB%B2%A0%EB%9E%80%EB%8B%A4%ED%83%84%EC%84%B1%EC%BD%94%ED%8A%B8"
"80","경기","안성시","","동","당왕동","당왕동","세탁실탄성코트","당왕동-세탁실탄성코트","탄성코트","신규","P2","https://www.barumspace.co.kr/?k=%EB%8B%B9%EC%99%95%EB%8F%99-%EC%84%B8%ED%83%81%EC%8B%A4%ED%83%84%EC%84%B1%EC%BD%94%ED%8A%B8"
"81","경기","안성시","","동","당왕동","당왕동","아파트탄성코트","당왕동-아파트탄성코트","탄성코트","신규","P2","https://www.barumspace.co.kr/?k=%EB%8B%B9%EC%99%95%EB%8F%99-%EC%95%84%ED%8C%8C%ED%8A%B8%ED%83%84%EC%84%B1%EC%BD%94%ED%8A%B8"
"82","경기","안성시","","동","당왕동","당왕동","탄성코트","당왕동-탄성코트","탄성코트","신규","P2","https://www.barumspace.co.kr/?k=%EB%8B%B9%EC%99%95%EB%8F%99-%ED%83%84%EC%84%B1%EC%BD%94%ED%8A%B8"
"83","경기","안성시","","동","당왕동","당왕동","탄성코트시공","당왕동-탄성코트시공","탄성코트","신규","P2","https://www.barumspace.co.kr/?k=%EB%8B%B9%EC%99%95%EB%8F%99-%ED%83%84%EC%84%B1%EC%BD%94%ED%8A%B8%EC%8B%9C%EA%B3%B5"
"84","경기","안성시","","동","당왕동","당왕동","탄성코트업체","당왕동-탄성코트업체","탄성코트","신규","P2","https://www.barumspace.co.kr/?k=%EB%8B%B9%EC%99%95%EB%8F%99-%ED%83%84%EC%84%B1%EC%BD%94%ED%8A%B8%EC%97%85%EC%B2%B4"
"85","경기","안성시","","동","석정동","석정동","베란다탄성코트","석정동-베란다탄성코트","탄성코트","신규","P2","https://www.barumspace.co.kr/?k=%EC%84%9D%EC%A0%95%EB%8F%99-%EB%B2%A0%EB%9E%80%EB%8B%A4%ED%83%84%EC%84%B1%EC%BD%94%ED%8A%B8"
"86","경기","안성시","","동","석정동","석정동","세탁실탄성코트","석정동-세탁실탄성코트","탄성코트","신규","P2","https://www.barumspace.co.kr/?k=%EC%84%9D%EC%A0%95%EB%8F%99-%EC%84%B8%ED%83%81%EC%8B%A4%ED%83%84%EC%84%B1%EC%BD%94%ED%8A%B8"
"87","경기","안성시","","동","석정동","석정동","아파트탄성코트","석정동-아파트탄성코트","탄성코트","신규","P2","https://www.barumspace.co.kr/?k=%EC%84%9D%EC%A0%95%EB%8F%99-%EC%95%84%ED%8C%8C%ED%8A%B8%ED%83%84%EC%84%B1%EC%BD%94%ED%8A%B8"
"88","경기","안성시","","동","석정동","석정동","탄성코트","석정동-탄성코트","탄성코트","신규","P2","https://www.barumspace.co.kr/?k=%EC%84%9D%EC%A0%95%EB%8F%99-%ED%83%84%EC%84%B1%EC%BD%94%ED%8A%B8"
"89","경기","안성시","","동","석정동","석정동","탄성코트시공","석정동-탄성코트시공","탄성코트","신규","P2","https://www.barumspace.co.kr/?k=%EC%84%9D%EC%A0%95%EB%8F%99-%ED%83%84%EC%84%B1%EC%BD%94%ED%8A%B8%EC%8B%9C%EA%B3%B5"
"90","경기","안성시","","동","석정동","석정동","탄성코트업체","석정동-탄성코트업체","탄성코트","신규","P2","https://www.barumspace.co.kr/?k=%EC%84%9D%EC%A0%95%EB%8F%99-%ED%83%84%EC%84%B1%EC%BD%94%ED%8A%B8%EC%97%85%EC%B2%B4"
"91","경기","안성시","","동","숭인동","안성-숭인동","베란다탄성코트","숭인동-베란다탄성코트","탄성코트","신규","P2","https://www.barumspace.co.kr/?k=%EC%95%88%EC%84%B1-%EC%88%AD%EC%9D%B8%EB%8F%99-%EB%B2%A0%EB%9E%80%EB%8B%A4%ED%83%84%EC%84%B1%EC%BD%94%ED%8A%B8"
"92","경기","안성시","","동","숭인동","안성-숭인동","세탁실탄성코트","숭인동-세탁실탄성코트","탄성코트","신규","P2","https://www.barumspace.co.kr/?k=%EC%95%88%EC%84%B1-%EC%88%AD%EC%9D%B8%EB%8F%99-%EC%84%B8%ED%83%81%EC%8B%A4%ED%83%84%EC%84%B1%EC%BD%94%ED%8A%B8"
"93","경기","안성시","","동","숭인동","안성-숭인동","아파트탄성코트","숭인동-아파트탄성코트","탄성코트","신규","P2","https://www.barumspace.co.kr/?k=%EC%95%88%EC%84%B1-%EC%88%AD%EC%9D%B8%EB%8F%99-%EC%95%84%ED%8C%8C%ED%8A%B8%ED%83%84%EC%84%B1%EC%BD%94%ED%8A%B8"
"94","경기","안성시","","동","숭인동","안성-숭인동","탄성코트","숭인동-탄성코트","탄성코트","신규","P2","https://www.barumspace.co.kr/?k=%EC%95%88%EC%84%B1-%EC%88%AD%EC%9D%B8%EB%8F%99-%ED%83%84%EC%84%B1%EC%BD%94%ED%8A%B8"
"95","경기","안성시","","동","숭인동","안성-숭인동","탄성코트시공","숭인동-탄성코트시공","탄성코트","신규","P2","https://www.barumspace.co.kr/?k=%EC%95%88%EC%84%B1-%EC%88%AD%EC%9D%B8%EB%8F%99-%ED%83%84%EC%84%B1%EC%BD%94%ED%8A%B8%EC%8B%9C%EA%B3%B5"
"96","경기","안성시","","동","숭인동","안성-숭인동","탄성코트업체","숭인동-탄성코트업체","탄성코트","신규","P2","https://www.barumspace.co.kr/?k=%EC%95%88%EC%84%B1-%EC%88%AD%EC%9D%B8%EB%8F%99-%ED%83%84%EC%84%B1%EC%BD%94%ED%8A%B8%EC%97%85%EC%B2%B4"
"97","경기","안성시","","동","신흥동","안성-신흥동","베란다탄성코트","신흥동-베란다탄성코트","탄성코트","신규","P2","https://www.barumspace.co.kr/?k=%EC%95%88%EC%84%B1-%EC%8B%A0%ED%9D%A5%EB%8F%99-%EB%B2%A0%EB%9E%80%EB%8B%A4%ED%83%84%EC%84%B1%EC%BD%94%ED%8A%B8"
"98","경기","안성시","","동","신흥동","안성-신흥동","세탁실탄성코트","신흥동-세탁실탄성코트","탄성코트","신규","P2","https://www.barumspace.co.kr/?k=%EC%95%88%EC%84%B1-%EC%8B%A0%ED%9D%A5%EB%8F%99-%EC%84%B8%ED%83%81%EC%8B%A4%ED%83%84%EC%84%B1%EC%BD%94%ED%8A%B8"
"99","경기","안성시","","동","신흥동","안성-신흥동","아파트탄성코트","신흥동-아파트탄성코트","탄성코트","신규","P2","https://www.barumspace.co.kr/?k=%EC%95%88%EC%84%B1-%EC%8B%A0%ED%9D%A5%EB%8F%99-%EC%95%84%ED%8C%8C%ED%8A%B8%ED%83%84%EC%84%B1%EC%BD%94%ED%8A%B8"
"100","경기","안성시","","동","신흥동","안성-신흥동","탄성코트","신흥동-탄성코트","탄성코트","신규","P2","https://www.barumspace.co.kr/?k=%EC%95%88%EC%84%B1-%EC%8B%A0%ED%9D%A5%EB%8F%99-%ED%83%84%EC%84%B1%EC%BD%94%ED%8A%B8"
"101","경기","안성시","","동","신흥동","안성-신흥동","탄성코트시공","신흥동-탄성코트시공","탄성코트","신규","P2","https://www.barumspace.co.kr/?k=%EC%95%88%EC%84%B1-%EC%8B%A0%ED%9D%A5%EB%8F%99-%ED%83%84%EC%84%B1%EC%BD%94%ED%8A%B8%EC%8B%9C%EA%B3%B5"
"102","경기","안성시","","동","신흥동","안성-신흥동","탄성코트업체","신흥동-탄성코트업체","탄성코트","신규","P2","https://www.barumspace.co.kr/?k=%EC%95%88%EC%84%B1-%EC%8B%A0%ED%9D%A5%EB%8F%99-%ED%83%84%EC%84%B1%EC%BD%94%ED%8A%B8%EC%97%85%EC%B2%B4"
"103","경기","안성시","","동","아양동","아양동","베란다탄성코트","아양동-베란다탄성코트","탄성코트","신규","P2","https://www.barumspace.co.kr/?k=%EC%95%84%EC%96%91%EB%8F%99-%EB%B2%A0%EB%9E%80%EB%8B%A4%ED%83%84%EC%84%B1%EC%BD%94%ED%8A%B8"
"104","경기","안성시","","동","아양동","아양동","세탁실탄성코트","아양동-세탁실탄성코트","탄성코트","신규","P2","https://www.barumspace.co.kr/?k=%EC%95%84%EC%96%91%EB%8F%99-%EC%84%B8%ED%83%81%EC%8B%A4%ED%83%84%EC%84%B1%EC%BD%94%ED%8A%B8"
"105","경기","안성시","","동","아양동","아양동","아파트탄성코트","아양동-아파트탄성코트","탄성코트","신규","P2","https://www.barumspace.co.kr/?k=%EC%95%84%EC%96%91%EB%8F%99-%EC%95%84%ED%8C%8C%ED%8A%B8%ED%83%84%EC%84%B1%EC%BD%94%ED%8A%B8"
"106","경기","안성시","","동","아양동","아양동","탄성코트","아양동-탄성코트","탄성코트","신규","P2","https://www.barumspace.co.kr/?k=%EC%95%84%EC%96%91%EB%8F%99-%ED%83%84%EC%84%B1%EC%BD%94%ED%8A%B8"
"107","경기","안성시","","동","아양동","아양동","탄성코트시공","아양동-탄성코트시공","탄성코트","신규","P2","https://www.barumspace.co.kr/?k=%EC%95%84%EC%96%91%EB%8F%99-%ED%83%84%EC%84%B1%EC%BD%94%ED%8A%B8%EC%8B%9C%EA%B3%B5"
"108","경기","안성시","","동","아양동","아양동","탄성코트업체","아양동-탄성코트업체","탄성코트","신규","P2","https://www.barumspace.co.kr/?k=%EC%95%84%EC%96%91%EB%8F%99-%ED%83%84%EC%84%B1%EC%BD%94%ED%8A%B8%EC%97%85%EC%B2%B4"
"109","경기","안성시","","동","영동","안성-영동","베란다탄성코트","영동-베란다탄성코트","탄성코트","신규","P2","https://www.barumspace.co.kr/?k=%EC%95%88%EC%84%B1-%EC%98%81%EB%8F%99-%EB%B2%A0%EB%9E%80%EB%8B%A4%ED%83%84%EC%84%B1%EC%BD%94%ED%8A%B8"
"110","경기","안성시","","동","영동","안성-영동","세탁실탄성코트","영동-세탁실탄성코트","탄성코트","신규","P2","https://www.barumspace.co.kr/?k=%EC%95%88%EC%84%B1-%EC%98%81%EB%8F%99-%EC%84%B8%ED%83%81%EC%8B%A4%ED%83%84%EC%84%B1%EC%BD%94%ED%8A%B8"
"111","경기","안성시","","동","영동","안성-영동","아파트탄성코트","영동-아파트탄성코트","탄성코트","신규","P2","https://www.barumspace.co.kr/?k=%EC%95%88%EC%84%B1-%EC%98%81%EB%8F%99-%EC%95%84%ED%8C%8C%ED%8A%B8%ED%83%84%EC%84%B1%EC%BD%94%ED%8A%B8"
"112","경기","안성시","","동","영동","안성-영동","탄성코트","영동-탄성코트","탄성코트","신규","P2","https://www.barumspace.co.kr/?k=%EC%95%88%EC%84%B1-%EC%98%81%EB%8F%99-%ED%83%84%EC%84%B1%EC%BD%94%ED%8A%B8"
"113","경기","안성시","","동","영동","안성-영동","탄성코트시공","영동-탄성코트시공","탄성코트","신규","P2","https://www.barumspace.co.kr/?k=%EC%95%88%EC%84%B1-%EC%98%81%EB%8F%99-%ED%83%84%EC%84%B1%EC%BD%94%ED%8A%B8%EC%8B%9C%EA%B3%B5"
"114","경기","안성시","","동","영동","안성-영동","탄성코트업체","영동-탄성코트업체","탄성코트","신규","P2","https://www.barumspace.co.kr/?k=%EC%95%88%EC%84%B1-%EC%98%81%EB%8F%99-%ED%83%84%EC%84%B1%EC%BD%94%ED%8A%B8%EC%97%85%EC%B2%B4"
"115","경기","안성시","","동","옥산동","옥산동","베란다탄성코트","옥산동-베란다탄성코트","탄성코트","신규","P2","https://www.barumspace.co.kr/?k=%EC%98%A5%EC%82%B0%EB%8F%99-%EB%B2%A0%EB%9E%80%EB%8B%A4%ED%83%84%EC%84%B1%EC%BD%94%ED%8A%B8"
"116","경기","안성시","","동","옥산동","옥산동","세탁실탄성코트","옥산동-세탁실탄성코트","탄성코트","신규","P2","https://www.barumspace.co.kr/?k=%EC%98%A5%EC%82%B0%EB%8F%99-%EC%84%B8%ED%83%81%EC%8B%A4%ED%83%84%EC%84%B1%EC%BD%94%ED%8A%B8"
"117","경기","안성시","","동","옥산동","옥산동","아파트탄성코트","옥산동-아파트탄성코트","탄성코트","신규","P2","https://www.barumspace.co.kr/?k=%EC%98%A5%EC%82%B0%EB%8F%99-%EC%95%84%ED%8C%8C%ED%8A%B8%ED%83%84%EC%84%B1%EC%BD%94%ED%8A%B8"
"118","경기","안성시","","동","옥산동","옥산동","탄성코트","옥산동-탄성코트","탄성코트","신규","P2","https://www.barumspace.co.kr/?k=%EC%98%A5%EC%82%B0%EB%8F%99-%ED%83%84%EC%84%B1%EC%BD%94%ED%8A%B8"
"119","경기","안성시","","동","옥산동","옥산동","탄성코트시공","옥산동-탄성코트시공","탄성코트","신규","P2","https://www.barumspace.co.kr/?k=%EC%98%A5%EC%82%B0%EB%8F%99-%ED%83%84%EC%84%B1%EC%BD%94%ED%8A%B8%EC%8B%9C%EA%B3%B5"
"120","경기","안성시","","동","옥산동","옥산동","탄성코트업체","옥산동-탄성코트업체","탄성코트","신규","P2","https://www.barumspace.co.kr/?k=%EC%98%A5%EC%82%B0%EB%8F%99-%ED%83%84%EC%84%B1%EC%BD%94%ED%8A%B8%EC%97%85%EC%B2%B4"
"121","경기","안성시","","동","중리동","안성-중리동","베란다탄성코트","중리동-베란다탄성코트","탄성코트","신규","P2","https://www.barumspace.co.kr/?k=%EC%95%88%EC%84%B1-%EC%A4%91%EB%A6%AC%EB%8F%99-%EB%B2%A0%EB%9E%80%EB%8B%A4%ED%83%84%EC%84%B1%EC%BD%94%ED%8A%B8"
"122","경기","안성시","","동","중리동","안성-중리동","세탁실탄성코트","중리동-세탁실탄성코트","탄성코트","신규","P2","https://www.barumspace.co.kr/?k=%EC%95%88%EC%84%B1-%EC%A4%91%EB%A6%AC%EB%8F%99-%EC%84%B8%ED%83%81%EC%8B%A4%ED%83%84%EC%84%B1%EC%BD%94%ED%8A%B8"
"123","경기","안성시","","동","중리동","안성-중리동","아파트탄성코트","중리동-아파트탄성코트","탄성코트","신규","P2","https://www.barumspace.co.kr/?k=%EC%95%88%EC%84%B1-%EC%A4%91%EB%A6%AC%EB%8F%99-%EC%95%84%ED%8C%8C%ED%8A%B8%ED%83%84%EC%84%B1%EC%BD%94%ED%8A%B8"
"124","경기","안성시","","동","중리동","안성-중리동","탄성코트","중리동-탄성코트","탄성코트","신규","P2","https://www.barumspace.co.kr/?k=%EC%95%88%EC%84%B1-%EC%A4%91%EB%A6%AC%EB%8F%99-%ED%83%84%EC%84%B1%EC%BD%94%ED%8A%B8"
"125","경기","안성시","","동","중리동","안성-중리동","탄성코트시공","중리동-탄성코트시공","탄성코트","신규","P2","https://www.barumspace.co.kr/?k=%EC%95%88%EC%84%B1-%EC%A4%91%EB%A6%AC%EB%8F%99-%ED%83%84%EC%84%B1%EC%BD%94%ED%8A%B8%EC%8B%9C%EA%B3%B5"
"126","경기","안성시","","동","중리동","안성-중리동","탄성코트업체","중리동-탄성코트업체","탄성코트","신규","P2","https://www.barumspace.co.kr/?k=%EC%95%88%EC%84%B1-%EC%A4%91%EB%A6%AC%EB%8F%99-%ED%83%84%EC%84%B1%EC%BD%94%ED%8A%B8%EC%97%85%EC%B2%B4"
"127","경기","안성시","","동","창전동","안성-창전동","베란다탄성코트","창전동-베란다탄성코트","탄성코트","신규","P2","https://www.barumspace.co.kr/?k=%EC%95%88%EC%84%B1-%EC%B0%BD%EC%A0%84%EB%8F%99-%EB%B2%A0%EB%9E%80%EB%8B%A4%ED%83%84%EC%84%B1%EC%BD%94%ED%8A%B8"
"128","경기","안성시","","동","창전동","안성-창전동","세탁실탄성코트","창전동-세탁실탄성코트","탄성코트","신규","P2","https://www.barumspace.co.kr/?k=%EC%95%88%EC%84%B1-%EC%B0%BD%EC%A0%84%EB%8F%99-%EC%84%B8%ED%83%81%EC%8B%A4%ED%83%84%EC%84%B1%EC%BD%94%ED%8A%B8"
"129","경기","안성시","","동","창전동","안성-창전동","아파트탄성코트","창전동-아파트탄성코트","탄성코트","신규","P2","https://www.barumspace.co.kr/?k=%EC%95%88%EC%84%B1-%EC%B0%BD%EC%A0%84%EB%8F%99-%EC%95%84%ED%8C%8C%ED%8A%B8%ED%83%84%EC%84%B1%EC%BD%94%ED%8A%B8"
"130","경기","안성시","","동","창전동","안성-창전동","탄성코트","창전동-탄성코트","탄성코트","신규","P2","https://www.barumspace.co.kr/?k=%EC%95%88%EC%84%B1-%EC%B0%BD%EC%A0%84%EB%8F%99-%ED%83%84%EC%84%B1%EC%BD%94%ED%8A%B8"
"131","경기","안성시","","동","창전동","안성-창전동","탄성코트시공","창전동-탄성코트시공","탄성코트","신규","P2","https://www.barumspace.co.kr/?k=%EC%95%88%EC%84%B1-%EC%B0%BD%EC%A0%84%EB%8F%99-%ED%83%84%EC%84%B1%EC%BD%94%ED%8A%B8%EC%8B%9C%EA%B3%B5"
"132","경기","안성시","","동","창전동","안성-창전동","탄성코트업체","창전동-탄성코트업체","탄성코트","신규","P2","https://www.barumspace.co.kr/?k=%EC%95%88%EC%84%B1-%EC%B0%BD%EC%A0%84%EB%8F%99-%ED%83%84%EC%84%B1%EC%BD%94%ED%8A%B8%EC%97%85%EC%B2%B4"
"133","경기","오산시","","동","궐동","궐동","베란다탄성코트","궐동-베란다탄성코트","탄성코트","오산 Pilot","P2","https://www.barumspace.co.kr/?k=%EA%B6%90%EB%8F%99-%EB%B2%A0%EB%9E%80%EB%8B%A4%ED%83%84%EC%84%B1%EC%BD%94%ED%8A%B8"
"134","경기","오산시","","동","궐동","궐동","세탁실탄성코트","궐동-세탁실탄성코트","탄성코트","오산 Pilot","P2","https://www.barumspace.co.kr/?k=%EA%B6%90%EB%8F%99-%EC%84%B8%ED%83%81%EC%8B%A4%ED%83%84%EC%84%B1%EC%BD%94%ED%8A%B8"
"135","경기","오산시","","동","궐동","궐동","아파트탄성코트","궐동-아파트탄성코트","탄성코트","오산 Pilot","P2","https://www.barumspace.co.kr/?k=%EA%B6%90%EB%8F%99-%EC%95%84%ED%8C%8C%ED%8A%B8%ED%83%84%EC%84%B1%EC%BD%94%ED%8A%B8"
"136","경기","오산시","","동","궐동","궐동","탄성코트","궐동-탄성코트","탄성코트","오산 Pilot","P2","https://www.barumspace.co.kr/?k=%EA%B6%90%EB%8F%99-%ED%83%84%EC%84%B1%EC%BD%94%ED%8A%B8"
"137","경기","오산시","","동","궐동","궐동","탄성코트시공","궐동-탄성코트시공","탄성코트","오산 Pilot","P2","https://www.barumspace.co.kr/?k=%EA%B6%90%EB%8F%99-%ED%83%84%EC%84%B1%EC%BD%94%ED%8A%B8%EC%8B%9C%EA%B3%B5"
"138","경기","오산시","","동","궐동","궐동","탄성코트업체","궐동-탄성코트업체","탄성코트","오산 Pilot","P2","https://www.barumspace.co.kr/?k=%EA%B6%90%EB%8F%99-%ED%83%84%EC%84%B1%EC%BD%94%ED%8A%B8%EC%97%85%EC%B2%B4"
"139","경기","오산시","","동","내삼미동","내삼미동","베란다탄성코트","내삼미동-베란다탄성코트","탄성코트","오산 Pilot","P2","https://www.barumspace.co.kr/?k=%EB%82%B4%EC%82%BC%EB%AF%B8%EB%8F%99-%EB%B2%A0%EB%9E%80%EB%8B%A4%ED%83%84%EC%84%B1%EC%BD%94%ED%8A%B8"
"140","경기","오산시","","동","내삼미동","내삼미동","세탁실탄성코트","내삼미동-세탁실탄성코트","탄성코트","오산 Pilot","P2","https://www.barumspace.co.kr/?k=%EB%82%B4%EC%82%BC%EB%AF%B8%EB%8F%99-%EC%84%B8%ED%83%81%EC%8B%A4%ED%83%84%EC%84%B1%EC%BD%94%ED%8A%B8"
"141","경기","오산시","","동","내삼미동","내삼미동","아파트탄성코트","내삼미동-아파트탄성코트","탄성코트","오산 Pilot","P2","https://www.barumspace.co.kr/?k=%EB%82%B4%EC%82%BC%EB%AF%B8%EB%8F%99-%EC%95%84%ED%8C%8C%ED%8A%B8%ED%83%84%EC%84%B1%EC%BD%94%ED%8A%B8"
"142","경기","오산시","","동","내삼미동","내삼미동","탄성코트","내삼미동-탄성코트","탄성코트","오산 Pilot","P2","https://www.barumspace.co.kr/?k=%EB%82%B4%EC%82%BC%EB%AF%B8%EB%8F%99-%ED%83%84%EC%84%B1%EC%BD%94%ED%8A%B8"
"143","경기","오산시","","동","내삼미동","내삼미동","탄성코트시공","내삼미동-탄성코트시공","탄성코트","오산 Pilot","P2","https://www.barumspace.co.kr/?k=%EB%82%B4%EC%82%BC%EB%AF%B8%EB%8F%99-%ED%83%84%EC%84%B1%EC%BD%94%ED%8A%B8%EC%8B%9C%EA%B3%B5"
"144","경기","오산시","","동","내삼미동","내삼미동","탄성코트업체","내삼미동-탄성코트업체","탄성코트","오산 Pilot","P2","https://www.barumspace.co.kr/?k=%EB%82%B4%EC%82%BC%EB%AF%B8%EB%8F%99-%ED%83%84%EC%84%B1%EC%BD%94%ED%8A%B8%EC%97%85%EC%B2%B4"
"145","경기","오산시","","동","세교동","오산-세교동","베란다탄성코트","세교동-베란다탄성코트","탄성코트","오산 Pilot","P2","https://www.barumspace.co.kr/?k=%EC%98%A4%EC%82%B0-%EC%84%B8%EA%B5%90%EB%8F%99-%EB%B2%A0%EB%9E%80%EB%8B%A4%ED%83%84%EC%84%B1%EC%BD%94%ED%8A%B8"
"146","경기","오산시","","동","세교동","오산-세교동","세탁실탄성코트","세교동-세탁실탄성코트","탄성코트","오산 Pilot","P2","https://www.barumspace.co.kr/?k=%EC%98%A4%EC%82%B0-%EC%84%B8%EA%B5%90%EB%8F%99-%EC%84%B8%ED%83%81%EC%8B%A4%ED%83%84%EC%84%B1%EC%BD%94%ED%8A%B8"
"147","경기","오산시","","동","세교동","오산-세교동","아파트탄성코트","세교동-아파트탄성코트","탄성코트","오산 Pilot","P2","https://www.barumspace.co.kr/?k=%EC%98%A4%EC%82%B0-%EC%84%B8%EA%B5%90%EB%8F%99-%EC%95%84%ED%8C%8C%ED%8A%B8%ED%83%84%EC%84%B1%EC%BD%94%ED%8A%B8"
"148","경기","오산시","","동","세교동","오산-세교동","탄성코트","세교동-탄성코트","탄성코트","오산 Pilot","P2","https://www.barumspace.co.kr/?k=%EC%98%A4%EC%82%B0-%EC%84%B8%EA%B5%90%EB%8F%99-%ED%83%84%EC%84%B1%EC%BD%94%ED%8A%B8"
"149","경기","오산시","","동","세교동","오산-세교동","탄성코트시공","세교동-탄성코트시공","탄성코트","오산 Pilot","P2","https://www.barumspace.co.kr/?k=%EC%98%A4%EC%82%B0-%EC%84%B8%EA%B5%90%EB%8F%99-%ED%83%84%EC%84%B1%EC%BD%94%ED%8A%B8%EC%8B%9C%EA%B3%B5"
"150","경기","오산시","","동","세교동","오산-세교동","탄성코트업체","세교동-탄성코트업체","탄성코트","오산 Pilot","P2","https://www.barumspace.co.kr/?k=%EC%98%A4%EC%82%B0-%EC%84%B8%EA%B5%90%EB%8F%99-%ED%83%84%EC%84%B1%EC%BD%94%ED%8A%B8%EC%97%85%EC%B2%B4"
"151","경기","오산시","","동","양산동","양산동","베란다탄성코트","양산동-베란다탄성코트","탄성코트","오산 Pilot","P2","https://www.barumspace.co.kr/?k=%EC%96%91%EC%82%B0%EB%8F%99-%EB%B2%A0%EB%9E%80%EB%8B%A4%ED%83%84%EC%84%B1%EC%BD%94%ED%8A%B8"
"152","경기","오산시","","동","양산동","양산동","세탁실탄성코트","양산동-세탁실탄성코트","탄성코트","오산 Pilot","P2","https://www.barumspace.co.kr/?k=%EC%96%91%EC%82%B0%EB%8F%99-%EC%84%B8%ED%83%81%EC%8B%A4%ED%83%84%EC%84%B1%EC%BD%94%ED%8A%B8"
"153","경기","오산시","","동","양산동","양산동","아파트탄성코트","양산동-아파트탄성코트","탄성코트","오산 Pilot","P2","https://www.barumspace.co.kr/?k=%EC%96%91%EC%82%B0%EB%8F%99-%EC%95%84%ED%8C%8C%ED%8A%B8%ED%83%84%EC%84%B1%EC%BD%94%ED%8A%B8"
"154","경기","오산시","","동","양산동","양산동","탄성코트","양산동-탄성코트","탄성코트","오산 Pilot","P2","https://www.barumspace.co.kr/?k=%EC%96%91%EC%82%B0%EB%8F%99-%ED%83%84%EC%84%B1%EC%BD%94%ED%8A%B8"
"155","경기","오산시","","동","양산동","양산동","탄성코트시공","양산동-탄성코트시공","탄성코트","오산 Pilot","P2","https://www.barumspace.co.kr/?k=%EC%96%91%EC%82%B0%EB%8F%99-%ED%83%84%EC%84%B1%EC%BD%94%ED%8A%B8%EC%8B%9C%EA%B3%B5"
"156","경기","오산시","","동","양산동","양산동","탄성코트업체","양산동-탄성코트업체","탄성코트","오산 Pilot","P2","https://www.barumspace.co.kr/?k=%EC%96%91%EC%82%B0%EB%8F%99-%ED%83%84%EC%84%B1%EC%BD%94%ED%8A%B8%EC%97%85%EC%B2%B4"
"157","경기","오산시","","동","오산동","오산동","베란다탄성코트","오산동-베란다탄성코트","탄성코트","오산 Pilot","P2","https://www.barumspace.co.kr/?k=%EC%98%A4%EC%82%B0%EB%8F%99-%EB%B2%A0%EB%9E%80%EB%8B%A4%ED%83%84%EC%84%B1%EC%BD%94%ED%8A%B8"
"158","경기","오산시","","동","오산동","오산동","세탁실탄성코트","오산동-세탁실탄성코트","탄성코트","오산 Pilot","P2","https://www.barumspace.co.kr/?k=%EC%98%A4%EC%82%B0%EB%8F%99-%EC%84%B8%ED%83%81%EC%8B%A4%ED%83%84%EC%84%B1%EC%BD%94%ED%8A%B8"
"159","경기","오산시","","동","오산동","오산동","아파트탄성코트","오산동-아파트탄성코트","탄성코트","오산 Pilot","P2","https://www.barumspace.co.kr/?k=%EC%98%A4%EC%82%B0%EB%8F%99-%EC%95%84%ED%8C%8C%ED%8A%B8%ED%83%84%EC%84%B1%EC%BD%94%ED%8A%B8"
"160","경기","오산시","","동","오산동","오산동","탄성코트","오산동-탄성코트","탄성코트","오산 Pilot","P2","https://www.barumspace.co.kr/?k=%EC%98%A4%EC%82%B0%EB%8F%99-%ED%83%84%EC%84%B1%EC%BD%94%ED%8A%B8"
"161","경기","오산시","","동","오산동","오산동","탄성코트시공","오산동-탄성코트시공","탄성코트","오산 Pilot","P2","https://www.barumspace.co.kr/?k=%EC%98%A4%EC%82%B0%EB%8F%99-%ED%83%84%EC%84%B1%EC%BD%94%ED%8A%B8%EC%8B%9C%EA%B3%B5"
"162","경기","오산시","","동","오산동","오산동","탄성코트업체","오산동-탄성코트업체","탄성코트","오산 Pilot","P2","https://www.barumspace.co.kr/?k=%EC%98%A4%EC%82%B0%EB%8F%99-%ED%83%84%EC%84%B1%EC%BD%94%ED%8A%B8%EC%97%85%EC%B2%B4"
"163","경기","오산시","","동","외삼미동","외삼미동","베란다탄성코트","외삼미동-베란다탄성코트","탄성코트","오산 Pilot","P2","https://www.barumspace.co.kr/?k=%EC%99%B8%EC%82%BC%EB%AF%B8%EB%8F%99-%EB%B2%A0%EB%9E%80%EB%8B%A4%ED%83%84%EC%84%B1%EC%BD%94%ED%8A%B8"
"164","경기","오산시","","동","외삼미동","외삼미동","세탁실탄성코트","외삼미동-세탁실탄성코트","탄성코트","오산 Pilot","P2","https://www.barumspace.co.kr/?k=%EC%99%B8%EC%82%BC%EB%AF%B8%EB%8F%99-%EC%84%B8%ED%83%81%EC%8B%A4%ED%83%84%EC%84%B1%EC%BD%94%ED%8A%B8"
"165","경기","오산시","","동","외삼미동","외삼미동","아파트탄성코트","외삼미동-아파트탄성코트","탄성코트","오산 Pilot","P2","https://www.barumspace.co.kr/?k=%EC%99%B8%EC%82%BC%EB%AF%B8%EB%8F%99-%EC%95%84%ED%8C%8C%ED%8A%B8%ED%83%84%EC%84%B1%EC%BD%94%ED%8A%B8"
"166","경기","오산시","","동","외삼미동","외삼미동","탄성코트","외삼미동-탄성코트","탄성코트","오산 Pilot","P2","https://www.barumspace.co.kr/?k=%EC%99%B8%EC%82%BC%EB%AF%B8%EB%8F%99-%ED%83%84%EC%84%B1%EC%BD%94%ED%8A%B8"
"167","경기","오산시","","동","외삼미동","외삼미동","탄성코트시공","외삼미동-탄성코트시공","탄성코트","오산 Pilot","P2","https://www.barumspace.co.kr/?k=%EC%99%B8%EC%82%BC%EB%AF%B8%EB%8F%99-%ED%83%84%EC%84%B1%EC%BD%94%ED%8A%B8%EC%8B%9C%EA%B3%B5"
"168","경기","오산시","","동","외삼미동","외삼미동","탄성코트업체","외삼미동-탄성코트업체","탄성코트","오산 Pilot","P2","https://www.barumspace.co.kr/?k=%EC%99%B8%EC%82%BC%EB%AF%B8%EB%8F%99-%ED%83%84%EC%84%B1%EC%BD%94%ED%8A%B8%EC%97%85%EC%B2%B4"
"169","경기","오산시","","동","원동","원동","베란다탄성코트","원동-베란다탄성코트","탄성코트","오산 Pilot","P2","https://www.barumspace.co.kr/?k=%EC%9B%90%EB%8F%99-%EB%B2%A0%EB%9E%80%EB%8B%A4%ED%83%84%EC%84%B1%EC%BD%94%ED%8A%B8"
"170","경기","오산시","","동","원동","원동","세탁실탄성코트","원동-세탁실탄성코트","탄성코트","오산 Pilot","P2","https://www.barumspace.co.kr/?k=%EC%9B%90%EB%8F%99-%EC%84%B8%ED%83%81%EC%8B%A4%ED%83%84%EC%84%B1%EC%BD%94%ED%8A%B8"
"171","경기","오산시","","동","원동","원동","아파트탄성코트","원동-아파트탄성코트","탄성코트","오산 Pilot","P2","https://www.barumspace.co.kr/?k=%EC%9B%90%EB%8F%99-%EC%95%84%ED%8C%8C%ED%8A%B8%ED%83%84%EC%84%B1%EC%BD%94%ED%8A%B8"
"172","경기","오산시","","동","원동","원동","탄성코트","원동-탄성코트","탄성코트","오산 Pilot","P2","https://www.barumspace.co.kr/?k=%EC%9B%90%EB%8F%99-%ED%83%84%EC%84%B1%EC%BD%94%ED%8A%B8"
"173","경기","오산시","","동","원동","원동","탄성코트시공","원동-탄성코트시공","탄성코트","오산 Pilot","P2","https://www.barumspace.co.kr/?k=%EC%9B%90%EB%8F%99-%ED%83%84%EC%84%B1%EC%BD%94%ED%8A%B8%EC%8B%9C%EA%B3%B5"
"174","경기","오산시","","동","원동","원동","탄성코트업체","원동-탄성코트업체","탄성코트","오산 Pilot","P2","https://www.barumspace.co.kr/?k=%EC%9B%90%EB%8F%99-%ED%83%84%EC%84%B1%EC%BD%94%ED%8A%B8%EC%97%85%EC%B2%B4"
"175","경기","오산시","","동","청학동","오산-청학동","베란다탄성코트","청학동-베란다탄성코트","탄성코트","오산 Pilot","P2","https://www.barumspace.co.kr/?k=%EC%98%A4%EC%82%B0-%EC%B2%AD%ED%95%99%EB%8F%99-%EB%B2%A0%EB%9E%80%EB%8B%A4%ED%83%84%EC%84%B1%EC%BD%94%ED%8A%B8"
"176","경기","오산시","","동","청학동","오산-청학동","세탁실탄성코트","청학동-세탁실탄성코트","탄성코트","오산 Pilot","P2","https://www.barumspace.co.kr/?k=%EC%98%A4%EC%82%B0-%EC%B2%AD%ED%95%99%EB%8F%99-%EC%84%B8%ED%83%81%EC%8B%A4%ED%83%84%EC%84%B1%EC%BD%94%ED%8A%B8"
"177","경기","오산시","","동","청학동","오산-청학동","아파트탄성코트","청학동-아파트탄성코트","탄성코트","오산 Pilot","P2","https://www.barumspace.co.kr/?k=%EC%98%A4%EC%82%B0-%EC%B2%AD%ED%95%99%EB%8F%99-%EC%95%84%ED%8C%8C%ED%8A%B8%ED%83%84%EC%84%B1%EC%BD%94%ED%8A%B8"
"178","경기","오산시","","동","청학동","오산-청학동","탄성코트","청학동-탄성코트","탄성코트","오산 Pilot","P2","https://www.barumspace.co.kr/?k=%EC%98%A4%EC%82%B0-%EC%B2%AD%ED%95%99%EB%8F%99-%ED%83%84%EC%84%B1%EC%BD%94%ED%8A%B8"
"179","경기","오산시","","동","청학동","오산-청학동","탄성코트시공","청학동-탄성코트시공","탄성코트","오산 Pilot","P2","https://www.barumspace.co.kr/?k=%EC%98%A4%EC%82%B0-%EC%B2%AD%ED%95%99%EB%8F%99-%ED%83%84%EC%84%B1%EC%BD%94%ED%8A%B8%EC%8B%9C%EA%B3%B5"
"180","경기","오산시","","동","청학동","오산-청학동","탄성코트업체","청학동-탄성코트업체","탄성코트","오산 Pilot","P2","https://www.barumspace.co.kr/?k=%EC%98%A4%EC%82%B0-%EC%B2%AD%ED%95%99%EB%8F%99-%ED%83%84%EC%84%B1%EC%BD%94%ED%8A%B8%EC%97%85%EC%B2%B4"
"181","경기","오산시","","동","탑동","오산-탑동","베란다탄성코트","탑동-베란다탄성코트","탄성코트","오산 Pilot","P2","https://www.barumspace.co.kr/?k=%EC%98%A4%EC%82%B0-%ED%83%91%EB%8F%99-%EB%B2%A0%EB%9E%80%EB%8B%A4%ED%83%84%EC%84%B1%EC%BD%94%ED%8A%B8"
"182","경기","오산시","","동","탑동","오산-탑동","세탁실탄성코트","탑동-세탁실탄성코트","탄성코트","오산 Pilot","P2","https://www.barumspace.co.kr/?k=%EC%98%A4%EC%82%B0-%ED%83%91%EB%8F%99-%EC%84%B8%ED%83%81%EC%8B%A4%ED%83%84%EC%84%B1%EC%BD%94%ED%8A%B8"
"183","경기","오산시","","동","탑동","오산-탑동","아파트탄성코트","탑동-아파트탄성코트","탄성코트","오산 Pilot","P2","https://www.barumspace.co.kr/?k=%EC%98%A4%EC%82%B0-%ED%83%91%EB%8F%99-%EC%95%84%ED%8C%8C%ED%8A%B8%ED%83%84%EC%84%B1%EC%BD%94%ED%8A%B8"
"184","경기","오산시","","동","탑동","오산-탑동","탄성코트","탑동-탄성코트","탄성코트","오산 Pilot","P2","https://www.barumspace.co.kr/?k=%EC%98%A4%EC%82%B0-%ED%83%91%EB%8F%99-%ED%83%84%EC%84%B1%EC%BD%94%ED%8A%B8"
"185","경기","오산시","","동","탑동","오산-탑동","탄성코트시공","탑동-탄성코트시공","탄성코트","오산 Pilot","P2","https://www.barumspace.co.kr/?k=%EC%98%A4%EC%82%B0-%ED%83%91%EB%8F%99-%ED%83%84%EC%84%B1%EC%BD%94%ED%8A%B8%EC%8B%9C%EA%B3%B5"
"186","경기","오산시","","동","탑동","오산-탑동","탄성코트업체","탑동-탄성코트업체","탄성코트","오산 Pilot","P2","https://www.barumspace.co.kr/?k=%EC%98%A4%EC%82%B0-%ED%83%91%EB%8F%99-%ED%83%84%EC%84%B1%EC%BD%94%ED%8A%B8%EC%97%85%EC%B2%B4"
"187","경기","용인시","기흥구","동","구갈동","구갈동","베란다탄성코트","구갈동-베란다탄성코트","탄성코트","신규","P2","https://www.barumspace.co.kr/?k=%EA%B5%AC%EA%B0%88%EB%8F%99-%EB%B2%A0%EB%9E%80%EB%8B%A4%ED%83%84%EC%84%B1%EC%BD%94%ED%8A%B8"
"188","경기","용인시","기흥구","동","구갈동","구갈동","세탁실탄성코트","구갈동-세탁실탄성코트","탄성코트","신규","P2","https://www.barumspace.co.kr/?k=%EA%B5%AC%EA%B0%88%EB%8F%99-%EC%84%B8%ED%83%81%EC%8B%A4%ED%83%84%EC%84%B1%EC%BD%94%ED%8A%B8"
"189","경기","용인시","기흥구","동","구갈동","구갈동","아파트탄성코트","구갈동-아파트탄성코트","탄성코트","신규","P2","https://www.barumspace.co.kr/?k=%EA%B5%AC%EA%B0%88%EB%8F%99-%EC%95%84%ED%8C%8C%ED%8A%B8%ED%83%84%EC%84%B1%EC%BD%94%ED%8A%B8"
"190","경기","용인시","기흥구","동","구갈동","구갈동","탄성코트","구갈동-탄성코트","탄성코트","신규","P2","https://www.barumspace.co.kr/?k=%EA%B5%AC%EA%B0%88%EB%8F%99-%ED%83%84%EC%84%B1%EC%BD%94%ED%8A%B8"
"191","경기","용인시","기흥구","동","구갈동","구갈동","탄성코트시공","구갈동-탄성코트시공","탄성코트","신규","P2","https://www.barumspace.co.kr/?k=%EA%B5%AC%EA%B0%88%EB%8F%99-%ED%83%84%EC%84%B1%EC%BD%94%ED%8A%B8%EC%8B%9C%EA%B3%B5"
"192","경기","용인시","기흥구","동","구갈동","구갈동","탄성코트업체","구갈동-탄성코트업체","탄성코트","신규","P2","https://www.barumspace.co.kr/?k=%EA%B5%AC%EA%B0%88%EB%8F%99-%ED%83%84%EC%84%B1%EC%BD%94%ED%8A%B8%EC%97%85%EC%B2%B4"
"193","경기","용인시","기흥구","동","동백동","동백동","베란다탄성코트","동백동-베란다탄성코트","탄성코트","신규","P2","https://www.barumspace.co.kr/?k=%EB%8F%99%EB%B0%B1%EB%8F%99-%EB%B2%A0%EB%9E%80%EB%8B%A4%ED%83%84%EC%84%B1%EC%BD%94%ED%8A%B8"
"194","경기","용인시","기흥구","동","동백동","동백동","세탁실탄성코트","동백동-세탁실탄성코트","탄성코트","신규","P2","https://www.barumspace.co.kr/?k=%EB%8F%99%EB%B0%B1%EB%8F%99-%EC%84%B8%ED%83%81%EC%8B%A4%ED%83%84%EC%84%B1%EC%BD%94%ED%8A%B8"
"195","경기","용인시","기흥구","동","동백동","동백동","아파트탄성코트","동백동-아파트탄성코트","탄성코트","신규","P2","https://www.barumspace.co.kr/?k=%EB%8F%99%EB%B0%B1%EB%8F%99-%EC%95%84%ED%8C%8C%ED%8A%B8%ED%83%84%EC%84%B1%EC%BD%94%ED%8A%B8"
"196","경기","용인시","기흥구","동","동백동","동백동","탄성코트","동백동-탄성코트","탄성코트","신규","P2","https://www.barumspace.co.kr/?k=%EB%8F%99%EB%B0%B1%EB%8F%99-%ED%83%84%EC%84%B1%EC%BD%94%ED%8A%B8"
"197","경기","용인시","기흥구","동","동백동","동백동","탄성코트시공","동백동-탄성코트시공","탄성코트","신규","P2","https://www.barumspace.co.kr/?k=%EB%8F%99%EB%B0%B1%EB%8F%99-%ED%83%84%EC%84%B1%EC%BD%94%ED%8A%B8%EC%8B%9C%EA%B3%B5"
"198","경기","용인시","기흥구","동","동백동","동백동","탄성코트업체","동백동-탄성코트업체","탄성코트","신규","P2","https://www.barumspace.co.kr/?k=%EB%8F%99%EB%B0%B1%EB%8F%99-%ED%83%84%EC%84%B1%EC%BD%94%ED%8A%B8%EC%97%85%EC%B2%B4"
"199","경기","용인시","기흥구","동","보정동","보정동","베란다탄성코트","보정동-베란다탄성코트","탄성코트","신규","P2","https://www.barumspace.co.kr/?k=%EB%B3%B4%EC%A0%95%EB%8F%99-%EB%B2%A0%EB%9E%80%EB%8B%A4%ED%83%84%EC%84%B1%EC%BD%94%ED%8A%B8"
"200","경기","용인시","기흥구","동","보정동","보정동","세탁실탄성코트","보정동-세탁실탄성코트","탄성코트","신규","P2","https://www.barumspace.co.kr/?k=%EB%B3%B4%EC%A0%95%EB%8F%99-%EC%84%B8%ED%83%81%EC%8B%A4%ED%83%84%EC%84%B1%EC%BD%94%ED%8A%B8"
"201","경기","용인시","기흥구","동","보정동","보정동","아파트탄성코트","보정동-아파트탄성코트","탄성코트","신규","P2","https://www.barumspace.co.kr/?k=%EB%B3%B4%EC%A0%95%EB%8F%99-%EC%95%84%ED%8C%8C%ED%8A%B8%ED%83%84%EC%84%B1%EC%BD%94%ED%8A%B8"
"202","경기","용인시","기흥구","동","보정동","보정동","탄성코트","보정동-탄성코트","탄성코트","신규","P2","https://www.barumspace.co.kr/?k=%EB%B3%B4%EC%A0%95%EB%8F%99-%ED%83%84%EC%84%B1%EC%BD%94%ED%8A%B8"
"203","경기","용인시","기흥구","동","보정동","보정동","탄성코트시공","보정동-탄성코트시공","탄성코트","신규","P2","https://www.barumspace.co.kr/?k=%EB%B3%B4%EC%A0%95%EB%8F%99-%ED%83%84%EC%84%B1%EC%BD%94%ED%8A%B8%EC%8B%9C%EA%B3%B5"
"204","경기","용인시","기흥구","동","보정동","보정동","탄성코트업체","보정동-탄성코트업체","탄성코트","신규","P2","https://www.barumspace.co.kr/?k=%EB%B3%B4%EC%A0%95%EB%8F%99-%ED%83%84%EC%84%B1%EC%BD%94%ED%8A%B8%EC%97%85%EC%B2%B4"
"205","경기","용인시","기흥구","동","신갈동","신갈동","베란다탄성코트","신갈동-베란다탄성코트","탄성코트","신규","P2","https://www.barumspace.co.kr/?k=%EC%8B%A0%EA%B0%88%EB%8F%99-%EB%B2%A0%EB%9E%80%EB%8B%A4%ED%83%84%EC%84%B1%EC%BD%94%ED%8A%B8"
"206","경기","용인시","기흥구","동","신갈동","신갈동","세탁실탄성코트","신갈동-세탁실탄성코트","탄성코트","신규","P2","https://www.barumspace.co.kr/?k=%EC%8B%A0%EA%B0%88%EB%8F%99-%EC%84%B8%ED%83%81%EC%8B%A4%ED%83%84%EC%84%B1%EC%BD%94%ED%8A%B8"
"207","경기","용인시","기흥구","동","신갈동","신갈동","아파트탄성코트","신갈동-아파트탄성코트","탄성코트","신규","P2","https://www.barumspace.co.kr/?k=%EC%8B%A0%EA%B0%88%EB%8F%99-%EC%95%84%ED%8C%8C%ED%8A%B8%ED%83%84%EC%84%B1%EC%BD%94%ED%8A%B8"
"208","경기","용인시","기흥구","동","신갈동","신갈동","탄성코트","신갈동-탄성코트","탄성코트","신규","P2","https://www.barumspace.co.kr/?k=%EC%8B%A0%EA%B0%88%EB%8F%99-%ED%83%84%EC%84%B1%EC%BD%94%ED%8A%B8"
"209","경기","용인시","기흥구","동","신갈동","신갈동","탄성코트시공","신갈동-탄성코트시공","탄성코트","신규","P2","https://www.barumspace.co.kr/?k=%EC%8B%A0%EA%B0%88%EB%8F%99-%ED%83%84%EC%84%B1%EC%BD%94%ED%8A%B8%EC%8B%9C%EA%B3%B5"
"210","경기","용인시","기흥구","동","신갈동","신갈동","탄성코트업체","신갈동-탄성코트업체","탄성코트","신규","P2","https://www.barumspace.co.kr/?k=%EC%8B%A0%EA%B0%88%EB%8F%99-%ED%83%84%EC%84%B1%EC%BD%94%ED%8A%B8%EC%97%85%EC%B2%B4"
"211","경기","용인시","기흥구","동","중동","용인-중동","베란다탄성코트","중동-베란다탄성코트","탄성코트","신규","P2","https://www.barumspace.co.kr/?k=%EC%9A%A9%EC%9D%B8-%EC%A4%91%EB%8F%99-%EB%B2%A0%EB%9E%80%EB%8B%A4%ED%83%84%EC%84%B1%EC%BD%94%ED%8A%B8"
"212","경기","용인시","기흥구","동","중동","용인-중동","세탁실탄성코트","중동-세탁실탄성코트","탄성코트","신규","P2","https://www.barumspace.co.kr/?k=%EC%9A%A9%EC%9D%B8-%EC%A4%91%EB%8F%99-%EC%84%B8%ED%83%81%EC%8B%A4%ED%83%84%EC%84%B1%EC%BD%94%ED%8A%B8"
"213","경기","용인시","기흥구","동","중동","용인-중동","아파트탄성코트","중동-아파트탄성코트","탄성코트","신규","P2","https://www.barumspace.co.kr/?k=%EC%9A%A9%EC%9D%B8-%EC%A4%91%EB%8F%99-%EC%95%84%ED%8C%8C%ED%8A%B8%ED%83%84%EC%84%B1%EC%BD%94%ED%8A%B8"
"214","경기","용인시","기흥구","동","중동","용인-중동","탄성코트","중동-탄성코트","탄성코트","신규","P2","https://www.barumspace.co.kr/?k=%EC%9A%A9%EC%9D%B8-%EC%A4%91%EB%8F%99-%ED%83%84%EC%84%B1%EC%BD%94%ED%8A%B8"
"215","경기","용인시","기흥구","동","중동","용인-중동","탄성코트시공","중동-탄성코트시공","탄성코트","신규","P2","https://www.barumspace.co.kr/?k=%EC%9A%A9%EC%9D%B8-%EC%A4%91%EB%8F%99-%ED%83%84%EC%84%B1%EC%BD%94%ED%8A%B8%EC%8B%9C%EA%B3%B5"
"216","경기","용인시","기흥구","동","중동","용인-중동","탄성코트업체","중동-탄성코트업체","탄성코트","신규","P2","https://www.barumspace.co.kr/?k=%EC%9A%A9%EC%9D%B8-%EC%A4%91%EB%8F%99-%ED%83%84%EC%84%B1%EC%BD%94%ED%8A%B8%EC%97%85%EC%B2%B4"
"217","경기","용인시","수지구","동","동천동","용인-동천동","베란다탄성코트","동천동-베란다탄성코트","탄성코트","신규","P2","https://www.barumspace.co.kr/?k=%EC%9A%A9%EC%9D%B8-%EB%8F%99%EC%B2%9C%EB%8F%99-%EB%B2%A0%EB%9E%80%EB%8B%A4%ED%83%84%EC%84%B1%EC%BD%94%ED%8A%B8"
"218","경기","용인시","수지구","동","동천동","용인-동천동","세탁실탄성코트","동천동-세탁실탄성코트","탄성코트","신규","P2","https://www.barumspace.co.kr/?k=%EC%9A%A9%EC%9D%B8-%EB%8F%99%EC%B2%9C%EB%8F%99-%EC%84%B8%ED%83%81%EC%8B%A4%ED%83%84%EC%84%B1%EC%BD%94%ED%8A%B8"
"219","경기","용인시","수지구","동","동천동","용인-동천동","아파트탄성코트","동천동-아파트탄성코트","탄성코트","신규","P2","https://www.barumspace.co.kr/?k=%EC%9A%A9%EC%9D%B8-%EB%8F%99%EC%B2%9C%EB%8F%99-%EC%95%84%ED%8C%8C%ED%8A%B8%ED%83%84%EC%84%B1%EC%BD%94%ED%8A%B8"
"220","경기","용인시","수지구","동","동천동","용인-동천동","탄성코트","동천동-탄성코트","탄성코트","신규","P2","https://www.barumspace.co.kr/?k=%EC%9A%A9%EC%9D%B8-%EB%8F%99%EC%B2%9C%EB%8F%99-%ED%83%84%EC%84%B1%EC%BD%94%ED%8A%B8"
"221","경기","용인시","수지구","동","동천동","용인-동천동","탄성코트시공","동천동-탄성코트시공","탄성코트","신규","P2","https://www.barumspace.co.kr/?k=%EC%9A%A9%EC%9D%B8-%EB%8F%99%EC%B2%9C%EB%8F%99-%ED%83%84%EC%84%B1%EC%BD%94%ED%8A%B8%EC%8B%9C%EA%B3%B5"
"222","경기","용인시","수지구","동","동천동","용인-동천동","탄성코트업체","동천동-탄성코트업체","탄성코트","신규","P2","https://www.barumspace.co.kr/?k=%EC%9A%A9%EC%9D%B8-%EB%8F%99%EC%B2%9C%EB%8F%99-%ED%83%84%EC%84%B1%EC%BD%94%ED%8A%B8%EC%97%85%EC%B2%B4"
"223","경기","용인시","수지구","동","상현동","상현동","베란다탄성코트","상현동-베란다탄성코트","탄성코트","신규","P2","https://www.barumspace.co.kr/?k=%EC%83%81%ED%98%84%EB%8F%99-%EB%B2%A0%EB%9E%80%EB%8B%A4%ED%83%84%EC%84%B1%EC%BD%94%ED%8A%B8"
"224","경기","용인시","수지구","동","상현동","상현동","세탁실탄성코트","상현동-세탁실탄성코트","탄성코트","신규","P2","https://www.barumspace.co.kr/?k=%EC%83%81%ED%98%84%EB%8F%99-%EC%84%B8%ED%83%81%EC%8B%A4%ED%83%84%EC%84%B1%EC%BD%94%ED%8A%B8"
"225","경기","용인시","수지구","동","상현동","상현동","아파트탄성코트","상현동-아파트탄성코트","탄성코트","신규","P2","https://www.barumspace.co.kr/?k=%EC%83%81%ED%98%84%EB%8F%99-%EC%95%84%ED%8C%8C%ED%8A%B8%ED%83%84%EC%84%B1%EC%BD%94%ED%8A%B8"
"226","경기","용인시","수지구","동","상현동","상현동","탄성코트","상현동-탄성코트","탄성코트","신규","P2","https://www.barumspace.co.kr/?k=%EC%83%81%ED%98%84%EB%8F%99-%ED%83%84%EC%84%B1%EC%BD%94%ED%8A%B8"
"227","경기","용인시","수지구","동","상현동","상현동","탄성코트시공","상현동-탄성코트시공","탄성코트","신규","P2","https://www.barumspace.co.kr/?k=%EC%83%81%ED%98%84%EB%8F%99-%ED%83%84%EC%84%B1%EC%BD%94%ED%8A%B8%EC%8B%9C%EA%B3%B5"
"228","경기","용인시","수지구","동","상현동","상현동","탄성코트업체","상현동-탄성코트업체","탄성코트","신규","P2","https://www.barumspace.co.kr/?k=%EC%83%81%ED%98%84%EB%8F%99-%ED%83%84%EC%84%B1%EC%BD%94%ED%8A%B8%EC%97%85%EC%B2%B4"
"229","경기","용인시","수지구","동","성복동","성복동","베란다탄성코트","성복동-베란다탄성코트","탄성코트","신규","P2","https://www.barumspace.co.kr/?k=%EC%84%B1%EB%B3%B5%EB%8F%99-%EB%B2%A0%EB%9E%80%EB%8B%A4%ED%83%84%EC%84%B1%EC%BD%94%ED%8A%B8"
"230","경기","용인시","수지구","동","성복동","성복동","세탁실탄성코트","성복동-세탁실탄성코트","탄성코트","신규","P2","https://www.barumspace.co.kr/?k=%EC%84%B1%EB%B3%B5%EB%8F%99-%EC%84%B8%ED%83%81%EC%8B%A4%ED%83%84%EC%84%B1%EC%BD%94%ED%8A%B8"
"231","경기","용인시","수지구","동","성복동","성복동","아파트탄성코트","성복동-아파트탄성코트","탄성코트","신규","P2","https://www.barumspace.co.kr/?k=%EC%84%B1%EB%B3%B5%EB%8F%99-%EC%95%84%ED%8C%8C%ED%8A%B8%ED%83%84%EC%84%B1%EC%BD%94%ED%8A%B8"
"232","경기","용인시","수지구","동","성복동","성복동","탄성코트","성복동-탄성코트","탄성코트","신규","P2","https://www.barumspace.co.kr/?k=%EC%84%B1%EB%B3%B5%EB%8F%99-%ED%83%84%EC%84%B1%EC%BD%94%ED%8A%B8"
"233","경기","용인시","수지구","동","성복동","성복동","탄성코트시공","성복동-탄성코트시공","탄성코트","신규","P2","https://www.barumspace.co.kr/?k=%EC%84%B1%EB%B3%B5%EB%8F%99-%ED%83%84%EC%84%B1%EC%BD%94%ED%8A%B8%EC%8B%9C%EA%B3%B5"
"234","경기","용인시","수지구","동","성복동","성복동","탄성코트업체","성복동-탄성코트업체","탄성코트","신규","P2","https://www.barumspace.co.kr/?k=%EC%84%B1%EB%B3%B5%EB%8F%99-%ED%83%84%EC%84%B1%EC%BD%94%ED%8A%B8%EC%97%85%EC%B2%B4"
"235","경기","용인시","수지구","동","신봉동","신봉동","베란다탄성코트","신봉동-베란다탄성코트","탄성코트","신규","P2","https://www.barumspace.co.kr/?k=%EC%8B%A0%EB%B4%89%EB%8F%99-%EB%B2%A0%EB%9E%80%EB%8B%A4%ED%83%84%EC%84%B1%EC%BD%94%ED%8A%B8"
"236","경기","용인시","수지구","동","신봉동","신봉동","세탁실탄성코트","신봉동-세탁실탄성코트","탄성코트","신규","P2","https://www.barumspace.co.kr/?k=%EC%8B%A0%EB%B4%89%EB%8F%99-%EC%84%B8%ED%83%81%EC%8B%A4%ED%83%84%EC%84%B1%EC%BD%94%ED%8A%B8"
"237","경기","용인시","수지구","동","신봉동","신봉동","아파트탄성코트","신봉동-아파트탄성코트","탄성코트","신규","P2","https://www.barumspace.co.kr/?k=%EC%8B%A0%EB%B4%89%EB%8F%99-%EC%95%84%ED%8C%8C%ED%8A%B8%ED%83%84%EC%84%B1%EC%BD%94%ED%8A%B8"
"238","경기","용인시","수지구","동","신봉동","신봉동","탄성코트","신봉동-탄성코트","탄성코트","신규","P2","https://www.barumspace.co.kr/?k=%EC%8B%A0%EB%B4%89%EB%8F%99-%ED%83%84%EC%84%B1%EC%BD%94%ED%8A%B8"
"239","경기","용인시","수지구","동","신봉동","신봉동","탄성코트시공","신봉동-탄성코트시공","탄성코트","신규","P2","https://www.barumspace.co.kr/?k=%EC%8B%A0%EB%B4%89%EB%8F%99-%ED%83%84%EC%84%B1%EC%BD%94%ED%8A%B8%EC%8B%9C%EA%B3%B5"
"240","경기","용인시","수지구","동","신봉동","신봉동","탄성코트업체","신봉동-탄성코트업체","탄성코트","신규","P2","https://www.barumspace.co.kr/?k=%EC%8B%A0%EB%B4%89%EB%8F%99-%ED%83%84%EC%84%B1%EC%BD%94%ED%8A%B8%EC%97%85%EC%B2%B4"
"241","경기","용인시","수지구","동","죽전동","죽전동","베란다탄성코트","죽전동-베란다탄성코트","탄성코트","신규","P2","https://www.barumspace.co.kr/?k=%EC%A3%BD%EC%A0%84%EB%8F%99-%EB%B2%A0%EB%9E%80%EB%8B%A4%ED%83%84%EC%84%B1%EC%BD%94%ED%8A%B8"
"242","경기","용인시","수지구","동","죽전동","죽전동","세탁실탄성코트","죽전동-세탁실탄성코트","탄성코트","신규","P2","https://www.barumspace.co.kr/?k=%EC%A3%BD%EC%A0%84%EB%8F%99-%EC%84%B8%ED%83%81%EC%8B%A4%ED%83%84%EC%84%B1%EC%BD%94%ED%8A%B8"
"243","경기","용인시","수지구","동","죽전동","죽전동","아파트탄성코트","죽전동-아파트탄성코트","탄성코트","신규","P2","https://www.barumspace.co.kr/?k=%EC%A3%BD%EC%A0%84%EB%8F%99-%EC%95%84%ED%8C%8C%ED%8A%B8%ED%83%84%EC%84%B1%EC%BD%94%ED%8A%B8"
"244","경기","용인시","수지구","동","죽전동","죽전동","탄성코트","죽전동-탄성코트","탄성코트","신규","P2","https://www.barumspace.co.kr/?k=%EC%A3%BD%EC%A0%84%EB%8F%99-%ED%83%84%EC%84%B1%EC%BD%94%ED%8A%B8"
"245","경기","용인시","수지구","동","죽전동","죽전동","탄성코트시공","죽전동-탄성코트시공","탄성코트","신규","P2","https://www.barumspace.co.kr/?k=%EC%A3%BD%EC%A0%84%EB%8F%99-%ED%83%84%EC%84%B1%EC%BD%94%ED%8A%B8%EC%8B%9C%EA%B3%B5"
"246","경기","용인시","수지구","동","죽전동","죽전동","탄성코트업체","죽전동-탄성코트업체","탄성코트","신규","P2","https://www.barumspace.co.kr/?k=%EC%A3%BD%EC%A0%84%EB%8F%99-%ED%83%84%EC%84%B1%EC%BD%94%ED%8A%B8%EC%97%85%EC%B2%B4"
"247","경기","용인시","수지구","동","풍덕천동","풍덕천동","베란다탄성코트","풍덕천동-베란다탄성코트","탄성코트","신규","P2","https://www.barumspace.co.kr/?k=%ED%92%8D%EB%8D%95%EC%B2%9C%EB%8F%99-%EB%B2%A0%EB%9E%80%EB%8B%A4%ED%83%84%EC%84%B1%EC%BD%94%ED%8A%B8"
"248","경기","용인시","수지구","동","풍덕천동","풍덕천동","세탁실탄성코트","풍덕천동-세탁실탄성코트","탄성코트","신규","P2","https://www.barumspace.co.kr/?k=%ED%92%8D%EB%8D%95%EC%B2%9C%EB%8F%99-%EC%84%B8%ED%83%81%EC%8B%A4%ED%83%84%EC%84%B1%EC%BD%94%ED%8A%B8"
"249","경기","용인시","수지구","동","풍덕천동","풍덕천동","아파트탄성코트","풍덕천동-아파트탄성코트","탄성코트","신규","P2","https://www.barumspace.co.kr/?k=%ED%92%8D%EB%8D%95%EC%B2%9C%EB%8F%99-%EC%95%84%ED%8C%8C%ED%8A%B8%ED%83%84%EC%84%B1%EC%BD%94%ED%8A%B8"
"250","경기","용인시","수지구","동","풍덕천동","풍덕천동","탄성코트","풍덕천동-탄성코트","탄성코트","신규","P2","https://www.barumspace.co.kr/?k=%ED%92%8D%EB%8D%95%EC%B2%9C%EB%8F%99-%ED%83%84%EC%84%B1%EC%BD%94%ED%8A%B8"
"251","경기","용인시","수지구","동","풍덕천동","풍덕천동","탄성코트시공","풍덕천동-탄성코트시공","탄성코트","신규","P2","https://www.barumspace.co.kr/?k=%ED%92%8D%EB%8D%95%EC%B2%9C%EB%8F%99-%ED%83%84%EC%84%B1%EC%BD%94%ED%8A%B8%EC%8B%9C%EA%B3%B5"
"252","경기","용인시","수지구","동","풍덕천동","풍덕천동","탄성코트업체","풍덕천동-탄성코트업체","탄성코트","신규","P2","https://www.barumspace.co.kr/?k=%ED%92%8D%EB%8D%95%EC%B2%9C%EB%8F%99-%ED%83%84%EC%84%B1%EC%BD%94%ED%8A%B8%EC%97%85%EC%B2%B4"
"253","경기","용인시","처인구","동","남동","용인-남동","베란다탄성코트","남동-베란다탄성코트","탄성코트","신규","P2","https://www.barumspace.co.kr/?k=%EC%9A%A9%EC%9D%B8-%EB%82%A8%EB%8F%99-%EB%B2%A0%EB%9E%80%EB%8B%A4%ED%83%84%EC%84%B1%EC%BD%94%ED%8A%B8"
"254","경기","용인시","처인구","동","남동","용인-남동","세탁실탄성코트","남동-세탁실탄성코트","탄성코트","신규","P2","https://www.barumspace.co.kr/?k=%EC%9A%A9%EC%9D%B8-%EB%82%A8%EB%8F%99-%EC%84%B8%ED%83%81%EC%8B%A4%ED%83%84%EC%84%B1%EC%BD%94%ED%8A%B8"
"255","경기","용인시","처인구","동","남동","용인-남동","아파트탄성코트","남동-아파트탄성코트","탄성코트","신규","P2","https://www.barumspace.co.kr/?k=%EC%9A%A9%EC%9D%B8-%EB%82%A8%EB%8F%99-%EC%95%84%ED%8C%8C%ED%8A%B8%ED%83%84%EC%84%B1%EC%BD%94%ED%8A%B8"
"256","경기","용인시","처인구","동","남동","용인-남동","탄성코트","남동-탄성코트","탄성코트","신규","P2","https://www.barumspace.co.kr/?k=%EC%9A%A9%EC%9D%B8-%EB%82%A8%EB%8F%99-%ED%83%84%EC%84%B1%EC%BD%94%ED%8A%B8"
"257","경기","용인시","처인구","동","남동","용인-남동","탄성코트시공","남동-탄성코트시공","탄성코트","신규","P2","https://www.barumspace.co.kr/?k=%EC%9A%A9%EC%9D%B8-%EB%82%A8%EB%8F%99-%ED%83%84%EC%84%B1%EC%BD%94%ED%8A%B8%EC%8B%9C%EA%B3%B5"
"258","경기","용인시","처인구","동","남동","용인-남동","탄성코트업체","남동-탄성코트업체","탄성코트","신규","P2","https://www.barumspace.co.kr/?k=%EC%9A%A9%EC%9D%B8-%EB%82%A8%EB%8F%99-%ED%83%84%EC%84%B1%EC%BD%94%ED%8A%B8%EC%97%85%EC%B2%B4"
"259","경기","이천시","","동","갈산동","이천-갈산동","베란다탄성코트","갈산동-베란다탄성코트","탄성코트","신규","P2","https://www.barumspace.co.kr/?k=%EC%9D%B4%EC%B2%9C-%EA%B0%88%EC%82%B0%EB%8F%99-%EB%B2%A0%EB%9E%80%EB%8B%A4%ED%83%84%EC%84%B1%EC%BD%94%ED%8A%B8"
"260","경기","이천시","","동","갈산동","이천-갈산동","세탁실탄성코트","갈산동-세탁실탄성코트","탄성코트","신규","P2","https://www.barumspace.co.kr/?k=%EC%9D%B4%EC%B2%9C-%EA%B0%88%EC%82%B0%EB%8F%99-%EC%84%B8%ED%83%81%EC%8B%A4%ED%83%84%EC%84%B1%EC%BD%94%ED%8A%B8"
"261","경기","이천시","","동","갈산동","이천-갈산동","아파트탄성코트","갈산동-아파트탄성코트","탄성코트","신규","P2","https://www.barumspace.co.kr/?k=%EC%9D%B4%EC%B2%9C-%EA%B0%88%EC%82%B0%EB%8F%99-%EC%95%84%ED%8C%8C%ED%8A%B8%ED%83%84%EC%84%B1%EC%BD%94%ED%8A%B8"
"262","경기","이천시","","동","갈산동","이천-갈산동","탄성코트","갈산동-탄성코트","탄성코트","신규","P2","https://www.barumspace.co.kr/?k=%EC%9D%B4%EC%B2%9C-%EA%B0%88%EC%82%B0%EB%8F%99-%ED%83%84%EC%84%B1%EC%BD%94%ED%8A%B8"
"263","경기","이천시","","동","갈산동","이천-갈산동","탄성코트시공","갈산동-탄성코트시공","탄성코트","신규","P2","https://www.barumspace.co.kr/?k=%EC%9D%B4%EC%B2%9C-%EA%B0%88%EC%82%B0%EB%8F%99-%ED%83%84%EC%84%B1%EC%BD%94%ED%8A%B8%EC%8B%9C%EA%B3%B5"
"264","경기","이천시","","동","갈산동","이천-갈산동","탄성코트업체","갈산동-탄성코트업체","탄성코트","신규","P2","https://www.barumspace.co.kr/?k=%EC%9D%B4%EC%B2%9C-%EA%B0%88%EC%82%B0%EB%8F%99-%ED%83%84%EC%84%B1%EC%BD%94%ED%8A%B8%EC%97%85%EC%B2%B4"
"265","경기","이천시","","동","관고동","관고동","베란다탄성코트","관고동-베란다탄성코트","탄성코트","신규","P2","https://www.barumspace.co.kr/?k=%EA%B4%80%EA%B3%A0%EB%8F%99-%EB%B2%A0%EB%9E%80%EB%8B%A4%ED%83%84%EC%84%B1%EC%BD%94%ED%8A%B8"
"266","경기","이천시","","동","관고동","관고동","세탁실탄성코트","관고동-세탁실탄성코트","탄성코트","신규","P2","https://www.barumspace.co.kr/?k=%EA%B4%80%EA%B3%A0%EB%8F%99-%EC%84%B8%ED%83%81%EC%8B%A4%ED%83%84%EC%84%B1%EC%BD%94%ED%8A%B8"
"267","경기","이천시","","동","관고동","관고동","아파트탄성코트","관고동-아파트탄성코트","탄성코트","신규","P2","https://www.barumspace.co.kr/?k=%EA%B4%80%EA%B3%A0%EB%8F%99-%EC%95%84%ED%8C%8C%ED%8A%B8%ED%83%84%EC%84%B1%EC%BD%94%ED%8A%B8"
"268","경기","이천시","","동","관고동","관고동","탄성코트","관고동-탄성코트","탄성코트","신규","P2","https://www.barumspace.co.kr/?k=%EA%B4%80%EA%B3%A0%EB%8F%99-%ED%83%84%EC%84%B1%EC%BD%94%ED%8A%B8"
"269","경기","이천시","","동","관고동","관고동","탄성코트시공","관고동-탄성코트시공","탄성코트","신규","P2","https://www.barumspace.co.kr/?k=%EA%B4%80%EA%B3%A0%EB%8F%99-%ED%83%84%EC%84%B1%EC%BD%94%ED%8A%B8%EC%8B%9C%EA%B3%B5"
"270","경기","이천시","","동","관고동","관고동","탄성코트업체","관고동-탄성코트업체","탄성코트","신규","P2","https://www.barumspace.co.kr/?k=%EA%B4%80%EA%B3%A0%EB%8F%99-%ED%83%84%EC%84%B1%EC%BD%94%ED%8A%B8%EC%97%85%EC%B2%B4"
"271","경기","이천시","","동","송정동","이천-송정동","베란다탄성코트","송정동-베란다탄성코트","탄성코트","신규","P2","https://www.barumspace.co.kr/?k=%EC%9D%B4%EC%B2%9C-%EC%86%A1%EC%A0%95%EB%8F%99-%EB%B2%A0%EB%9E%80%EB%8B%A4%ED%83%84%EC%84%B1%EC%BD%94%ED%8A%B8"
"272","경기","이천시","","동","송정동","이천-송정동","세탁실탄성코트","송정동-세탁실탄성코트","탄성코트","신규","P2","https://www.barumspace.co.kr/?k=%EC%9D%B4%EC%B2%9C-%EC%86%A1%EC%A0%95%EB%8F%99-%EC%84%B8%ED%83%81%EC%8B%A4%ED%83%84%EC%84%B1%EC%BD%94%ED%8A%B8"
"273","경기","이천시","","동","송정동","이천-송정동","아파트탄성코트","송정동-아파트탄성코트","탄성코트","신규","P2","https://www.barumspace.co.kr/?k=%EC%9D%B4%EC%B2%9C-%EC%86%A1%EC%A0%95%EB%8F%99-%EC%95%84%ED%8C%8C%ED%8A%B8%ED%83%84%EC%84%B1%EC%BD%94%ED%8A%B8"
"274","경기","이천시","","동","송정동","이천-송정동","탄성코트","송정동-탄성코트","탄성코트","신규","P2","https://www.barumspace.co.kr/?k=%EC%9D%B4%EC%B2%9C-%EC%86%A1%EC%A0%95%EB%8F%99-%ED%83%84%EC%84%B1%EC%BD%94%ED%8A%B8"
"275","경기","이천시","","동","송정동","이천-송정동","탄성코트시공","송정동-탄성코트시공","탄성코트","신규","P2","https://www.barumspace.co.kr/?k=%EC%9D%B4%EC%B2%9C-%EC%86%A1%EC%A0%95%EB%8F%99-%ED%83%84%EC%84%B1%EC%BD%94%ED%8A%B8%EC%8B%9C%EA%B3%B5"
"276","경기","이천시","","동","송정동","이천-송정동","탄성코트업체","송정동-탄성코트업체","탄성코트","신규","P2","https://www.barumspace.co.kr/?k=%EC%9D%B4%EC%B2%9C-%EC%86%A1%EC%A0%95%EB%8F%99-%ED%83%84%EC%84%B1%EC%BD%94%ED%8A%B8%EC%97%85%EC%B2%B4"
"277","경기","이천시","","동","안흥동","안흥동","베란다탄성코트","안흥동-베란다탄성코트","탄성코트","신규","P2","https://www.barumspace.co.kr/?k=%EC%95%88%ED%9D%A5%EB%8F%99-%EB%B2%A0%EB%9E%80%EB%8B%A4%ED%83%84%EC%84%B1%EC%BD%94%ED%8A%B8"
"278","경기","이천시","","동","안흥동","안흥동","세탁실탄성코트","안흥동-세탁실탄성코트","탄성코트","신규","P2","https://www.barumspace.co.kr/?k=%EC%95%88%ED%9D%A5%EB%8F%99-%EC%84%B8%ED%83%81%EC%8B%A4%ED%83%84%EC%84%B1%EC%BD%94%ED%8A%B8"
"279","경기","이천시","","동","안흥동","안흥동","아파트탄성코트","안흥동-아파트탄성코트","탄성코트","신규","P2","https://www.barumspace.co.kr/?k=%EC%95%88%ED%9D%A5%EB%8F%99-%EC%95%84%ED%8C%8C%ED%8A%B8%ED%83%84%EC%84%B1%EC%BD%94%ED%8A%B8"
"280","경기","이천시","","동","안흥동","안흥동","탄성코트","안흥동-탄성코트","탄성코트","신규","P2","https://www.barumspace.co.kr/?k=%EC%95%88%ED%9D%A5%EB%8F%99-%ED%83%84%EC%84%B1%EC%BD%94%ED%8A%B8"
"281","경기","이천시","","동","안흥동","안흥동","탄성코트시공","안흥동-탄성코트시공","탄성코트","신규","P2","https://www.barumspace.co.kr/?k=%EC%95%88%ED%9D%A5%EB%8F%99-%ED%83%84%EC%84%B1%EC%BD%94%ED%8A%B8%EC%8B%9C%EA%B3%B5"
"282","경기","이천시","","동","안흥동","안흥동","탄성코트업체","안흥동-탄성코트업체","탄성코트","신규","P2","https://www.barumspace.co.kr/?k=%EC%95%88%ED%9D%A5%EB%8F%99-%ED%83%84%EC%84%B1%EC%BD%94%ED%8A%B8%EC%97%85%EC%B2%B4"
"283","경기","이천시","","동","율현동","이천-율현동","베란다탄성코트","율현동-베란다탄성코트","탄성코트","신규","P2","https://www.barumspace.co.kr/?k=%EC%9D%B4%EC%B2%9C-%EC%9C%A8%ED%98%84%EB%8F%99-%EB%B2%A0%EB%9E%80%EB%8B%A4%ED%83%84%EC%84%B1%EC%BD%94%ED%8A%B8"
"284","경기","이천시","","동","율현동","이천-율현동","세탁실탄성코트","율현동-세탁실탄성코트","탄성코트","신규","P2","https://www.barumspace.co.kr/?k=%EC%9D%B4%EC%B2%9C-%EC%9C%A8%ED%98%84%EB%8F%99-%EC%84%B8%ED%83%81%EC%8B%A4%ED%83%84%EC%84%B1%EC%BD%94%ED%8A%B8"
"285","경기","이천시","","동","율현동","이천-율현동","아파트탄성코트","율현동-아파트탄성코트","탄성코트","신규","P2","https://www.barumspace.co.kr/?k=%EC%9D%B4%EC%B2%9C-%EC%9C%A8%ED%98%84%EB%8F%99-%EC%95%84%ED%8C%8C%ED%8A%B8%ED%83%84%EC%84%B1%EC%BD%94%ED%8A%B8"
"286","경기","이천시","","동","율현동","이천-율현동","탄성코트","율현동-탄성코트","탄성코트","신규","P2","https://www.barumspace.co.kr/?k=%EC%9D%B4%EC%B2%9C-%EC%9C%A8%ED%98%84%EB%8F%99-%ED%83%84%EC%84%B1%EC%BD%94%ED%8A%B8"
"287","경기","이천시","","동","율현동","이천-율현동","탄성코트시공","율현동-탄성코트시공","탄성코트","신규","P2","https://www.barumspace.co.kr/?k=%EC%9D%B4%EC%B2%9C-%EC%9C%A8%ED%98%84%EB%8F%99-%ED%83%84%EC%84%B1%EC%BD%94%ED%8A%B8%EC%8B%9C%EA%B3%B5"
"288","경기","이천시","","동","율현동","이천-율현동","탄성코트업체","율현동-탄성코트업체","탄성코트","신규","P2","https://www.barumspace.co.kr/?k=%EC%9D%B4%EC%B2%9C-%EC%9C%A8%ED%98%84%EB%8F%99-%ED%83%84%EC%84%B1%EC%BD%94%ED%8A%B8%EC%97%85%EC%B2%B4"
"289","경기","이천시","","동","증포동","증포동","베란다탄성코트","증포동-베란다탄성코트","탄성코트","신규","P2","https://www.barumspace.co.kr/?k=%EC%A6%9D%ED%8F%AC%EB%8F%99-%EB%B2%A0%EB%9E%80%EB%8B%A4%ED%83%84%EC%84%B1%EC%BD%94%ED%8A%B8"
"290","경기","이천시","","동","증포동","증포동","세탁실탄성코트","증포동-세탁실탄성코트","탄성코트","신규","P2","https://www.barumspace.co.kr/?k=%EC%A6%9D%ED%8F%AC%EB%8F%99-%EC%84%B8%ED%83%81%EC%8B%A4%ED%83%84%EC%84%B1%EC%BD%94%ED%8A%B8"
"291","경기","이천시","","동","증포동","증포동","아파트탄성코트","증포동-아파트탄성코트","탄성코트","신규","P2","https://www.barumspace.co.kr/?k=%EC%A6%9D%ED%8F%AC%EB%8F%99-%EC%95%84%ED%8C%8C%ED%8A%B8%ED%83%84%EC%84%B1%EC%BD%94%ED%8A%B8"
"292","경기","이천시","","동","증포동","증포동","탄성코트","증포동-탄성코트","탄성코트","신규","P2","https://www.barumspace.co.kr/?k=%EC%A6%9D%ED%8F%AC%EB%8F%99-%ED%83%84%EC%84%B1%EC%BD%94%ED%8A%B8"
"293","경기","이천시","","동","증포동","증포동","탄성코트시공","증포동-탄성코트시공","탄성코트","신규","P2","https://www.barumspace.co.kr/?k=%EC%A6%9D%ED%8F%AC%EB%8F%99-%ED%83%84%EC%84%B1%EC%BD%94%ED%8A%B8%EC%8B%9C%EA%B3%B5"
"294","경기","이천시","","동","증포동","증포동","탄성코트업체","증포동-탄성코트업체","탄성코트","신규","P2","https://www.barumspace.co.kr/?k=%EC%A6%9D%ED%8F%AC%EB%8F%99-%ED%83%84%EC%84%B1%EC%BD%94%ED%8A%B8%EC%97%85%EC%B2%B4"
"295","경기","이천시","","동","창전동","창전동","베란다탄성코트","창전동-베란다탄성코트","탄성코트","신규","P2","https://www.barumspace.co.kr/?k=%EC%B0%BD%EC%A0%84%EB%8F%99-%EB%B2%A0%EB%9E%80%EB%8B%A4%ED%83%84%EC%84%B1%EC%BD%94%ED%8A%B8"
"296","경기","이천시","","동","창전동","창전동","세탁실탄성코트","창전동-세탁실탄성코트","탄성코트","신규","P2","https://www.barumspace.co.kr/?k=%EC%B0%BD%EC%A0%84%EB%8F%99-%EC%84%B8%ED%83%81%EC%8B%A4%ED%83%84%EC%84%B1%EC%BD%94%ED%8A%B8"
"297","경기","이천시","","동","창전동","창전동","아파트탄성코트","창전동-아파트탄성코트","탄성코트","신규","P2","https://www.barumspace.co.kr/?k=%EC%B0%BD%EC%A0%84%EB%8F%99-%EC%95%84%ED%8C%8C%ED%8A%B8%ED%83%84%EC%84%B1%EC%BD%94%ED%8A%B8"
"298","경기","이천시","","동","창전동","창전동","탄성코트","창전동-탄성코트","탄성코트","신규","P2","https://www.barumspace.co.kr/?k=%EC%B0%BD%EC%A0%84%EB%8F%99-%ED%83%84%EC%84%B1%EC%BD%94%ED%8A%B8"
"299","경기","이천시","","동","창전동","창전동","탄성코트시공","창전동-탄성코트시공","탄성코트","신규","P2","https://www.barumspace.co.kr/?k=%EC%B0%BD%EC%A0%84%EB%8F%99-%ED%83%84%EC%84%B1%EC%BD%94%ED%8A%B8%EC%8B%9C%EA%B3%B5"
"300","경기","이천시","","동","창전동","창전동","탄성코트업체","창전동-탄성코트업체","탄성코트","신규","P2","https://www.barumspace.co.kr/?k=%EC%B0%BD%EC%A0%84%EB%8F%99-%ED%83%84%EC%84%B1%EC%BD%94%ED%8A%B8%EC%97%85%EC%B2%B4"
"301","경기","평택시","","동","고덕동","평택-고덕동","베란다탄성코트","고덕동-베란다탄성코트","탄성코트","신규","P2","https://www.barumspace.co.kr/?k=%ED%8F%89%ED%83%9D-%EA%B3%A0%EB%8D%95%EB%8F%99-%EB%B2%A0%EB%9E%80%EB%8B%A4%ED%83%84%EC%84%B1%EC%BD%94%ED%8A%B8"
"302","경기","평택시","","동","고덕동","평택-고덕동","세탁실탄성코트","고덕동-세탁실탄성코트","탄성코트","신규","P2","https://www.barumspace.co.kr/?k=%ED%8F%89%ED%83%9D-%EA%B3%A0%EB%8D%95%EB%8F%99-%EC%84%B8%ED%83%81%EC%8B%A4%ED%83%84%EC%84%B1%EC%BD%94%ED%8A%B8"
"303","경기","평택시","","동","고덕동","평택-고덕동","아파트탄성코트","고덕동-아파트탄성코트","탄성코트","신규","P2","https://www.barumspace.co.kr/?k=%ED%8F%89%ED%83%9D-%EA%B3%A0%EB%8D%95%EB%8F%99-%EC%95%84%ED%8C%8C%ED%8A%B8%ED%83%84%EC%84%B1%EC%BD%94%ED%8A%B8"
"304","경기","평택시","","동","고덕동","평택-고덕동","탄성코트","고덕동-탄성코트","탄성코트","신규","P2","https://www.barumspace.co.kr/?k=%ED%8F%89%ED%83%9D-%EA%B3%A0%EB%8D%95%EB%8F%99-%ED%83%84%EC%84%B1%EC%BD%94%ED%8A%B8"
"305","경기","평택시","","동","고덕동","평택-고덕동","탄성코트시공","고덕동-탄성코트시공","탄성코트","신규","P2","https://www.barumspace.co.kr/?k=%ED%8F%89%ED%83%9D-%EA%B3%A0%EB%8D%95%EB%8F%99-%ED%83%84%EC%84%B1%EC%BD%94%ED%8A%B8%EC%8B%9C%EA%B3%B5"
"306","경기","평택시","","동","고덕동","평택-고덕동","탄성코트업체","고덕동-탄성코트업체","탄성코트","신규","P2","https://www.barumspace.co.kr/?k=%ED%8F%89%ED%83%9D-%EA%B3%A0%EB%8D%95%EB%8F%99-%ED%83%84%EC%84%B1%EC%BD%94%ED%8A%B8%EC%97%85%EC%B2%B4"
"307","경기","평택시","","동","동삭동","동삭동","베란다탄성코트","동삭동-베란다탄성코트","탄성코트","신규","P2","https://www.barumspace.co.kr/?k=%EB%8F%99%EC%82%AD%EB%8F%99-%EB%B2%A0%EB%9E%80%EB%8B%A4%ED%83%84%EC%84%B1%EC%BD%94%ED%8A%B8"
"308","경기","평택시","","동","동삭동","동삭동","세탁실탄성코트","동삭동-세탁실탄성코트","탄성코트","신규","P2","https://www.barumspace.co.kr/?k=%EB%8F%99%EC%82%AD%EB%8F%99-%EC%84%B8%ED%83%81%EC%8B%A4%ED%83%84%EC%84%B1%EC%BD%94%ED%8A%B8"
"309","경기","평택시","","동","동삭동","동삭동","아파트탄성코트","동삭동-아파트탄성코트","탄성코트","신규","P2","https://www.barumspace.co.kr/?k=%EB%8F%99%EC%82%AD%EB%8F%99-%EC%95%84%ED%8C%8C%ED%8A%B8%ED%83%84%EC%84%B1%EC%BD%94%ED%8A%B8"
"310","경기","평택시","","동","동삭동","동삭동","탄성코트","동삭동-탄성코트","탄성코트","신규","P2","https://www.barumspace.co.kr/?k=%EB%8F%99%EC%82%AD%EB%8F%99-%ED%83%84%EC%84%B1%EC%BD%94%ED%8A%B8"
"311","경기","평택시","","동","동삭동","동삭동","탄성코트시공","동삭동-탄성코트시공","탄성코트","신규","P2","https://www.barumspace.co.kr/?k=%EB%8F%99%EC%82%AD%EB%8F%99-%ED%83%84%EC%84%B1%EC%BD%94%ED%8A%B8%EC%8B%9C%EA%B3%B5"
"312","경기","평택시","","동","동삭동","동삭동","탄성코트업체","동삭동-탄성코트업체","탄성코트","신규","P2","https://www.barumspace.co.kr/?k=%EB%8F%99%EC%82%AD%EB%8F%99-%ED%83%84%EC%84%B1%EC%BD%94%ED%8A%B8%EC%97%85%EC%B2%B4"
"313","경기","평택시","","동","비전동","비전동","베란다탄성코트","비전동-베란다탄성코트","탄성코트","신규","P2","https://www.barumspace.co.kr/?k=%EB%B9%84%EC%A0%84%EB%8F%99-%EB%B2%A0%EB%9E%80%EB%8B%A4%ED%83%84%EC%84%B1%EC%BD%94%ED%8A%B8"
"314","경기","평택시","","동","비전동","비전동","세탁실탄성코트","비전동-세탁실탄성코트","탄성코트","신규","P2","https://www.barumspace.co.kr/?k=%EB%B9%84%EC%A0%84%EB%8F%99-%EC%84%B8%ED%83%81%EC%8B%A4%ED%83%84%EC%84%B1%EC%BD%94%ED%8A%B8"
"315","경기","평택시","","동","비전동","비전동","아파트탄성코트","비전동-아파트탄성코트","탄성코트","신규","P2","https://www.barumspace.co.kr/?k=%EB%B9%84%EC%A0%84%EB%8F%99-%EC%95%84%ED%8C%8C%ED%8A%B8%ED%83%84%EC%84%B1%EC%BD%94%ED%8A%B8"
"316","경기","평택시","","동","비전동","비전동","탄성코트","비전동-탄성코트","탄성코트","신규","P2","https://www.barumspace.co.kr/?k=%EB%B9%84%EC%A0%84%EB%8F%99-%ED%83%84%EC%84%B1%EC%BD%94%ED%8A%B8"
"317","경기","평택시","","동","비전동","비전동","탄성코트시공","비전동-탄성코트시공","탄성코트","신규","P2","https://www.barumspace.co.kr/?k=%EB%B9%84%EC%A0%84%EB%8F%99-%ED%83%84%EC%84%B1%EC%BD%94%ED%8A%B8%EC%8B%9C%EA%B3%B5"
"318","경기","평택시","","동","비전동","비전동","탄성코트업체","비전동-탄성코트업체","탄성코트","신규","P2","https://www.barumspace.co.kr/?k=%EB%B9%84%EC%A0%84%EB%8F%99-%ED%83%84%EC%84%B1%EC%BD%94%ED%8A%B8%EC%97%85%EC%B2%B4"
"319","경기","평택시","","동","서정동","서정동","베란다탄성코트","서정동-베란다탄성코트","탄성코트","신규","P2","https://www.barumspace.co.kr/?k=%EC%84%9C%EC%A0%95%EB%8F%99-%EB%B2%A0%EB%9E%80%EB%8B%A4%ED%83%84%EC%84%B1%EC%BD%94%ED%8A%B8"
"320","경기","평택시","","동","서정동","서정동","세탁실탄성코트","서정동-세탁실탄성코트","탄성코트","신규","P2","https://www.barumspace.co.kr/?k=%EC%84%9C%EC%A0%95%EB%8F%99-%EC%84%B8%ED%83%81%EC%8B%A4%ED%83%84%EC%84%B1%EC%BD%94%ED%8A%B8"
"321","경기","평택시","","동","서정동","서정동","아파트탄성코트","서정동-아파트탄성코트","탄성코트","신규","P2","https://www.barumspace.co.kr/?k=%EC%84%9C%EC%A0%95%EB%8F%99-%EC%95%84%ED%8C%8C%ED%8A%B8%ED%83%84%EC%84%B1%EC%BD%94%ED%8A%B8"
"322","경기","평택시","","동","서정동","서정동","탄성코트","서정동-탄성코트","탄성코트","신규","P2","https://www.barumspace.co.kr/?k=%EC%84%9C%EC%A0%95%EB%8F%99-%ED%83%84%EC%84%B1%EC%BD%94%ED%8A%B8"
"323","경기","평택시","","동","서정동","서정동","탄성코트시공","서정동-탄성코트시공","탄성코트","신규","P2","https://www.barumspace.co.kr/?k=%EC%84%9C%EC%A0%95%EB%8F%99-%ED%83%84%EC%84%B1%EC%BD%94%ED%8A%B8%EC%8B%9C%EA%B3%B5"
"324","경기","평택시","","동","서정동","서정동","탄성코트업체","서정동-탄성코트업체","탄성코트","신규","P2","https://www.barumspace.co.kr/?k=%EC%84%9C%EC%A0%95%EB%8F%99-%ED%83%84%EC%84%B1%EC%BD%94%ED%8A%B8%EC%97%85%EC%B2%B4"
"325","경기","평택시","","동","세교동","평택-세교동","베란다탄성코트","세교동-베란다탄성코트","탄성코트","신규","P2","https://www.barumspace.co.kr/?k=%ED%8F%89%ED%83%9D-%EC%84%B8%EA%B5%90%EB%8F%99-%EB%B2%A0%EB%9E%80%EB%8B%A4%ED%83%84%EC%84%B1%EC%BD%94%ED%8A%B8"
"326","경기","평택시","","동","세교동","평택-세교동","세탁실탄성코트","세교동-세탁실탄성코트","탄성코트","신규","P2","https://www.barumspace.co.kr/?k=%ED%8F%89%ED%83%9D-%EC%84%B8%EA%B5%90%EB%8F%99-%EC%84%B8%ED%83%81%EC%8B%A4%ED%83%84%EC%84%B1%EC%BD%94%ED%8A%B8"
"327","경기","평택시","","동","세교동","평택-세교동","아파트탄성코트","세교동-아파트탄성코트","탄성코트","신규","P2","https://www.barumspace.co.kr/?k=%ED%8F%89%ED%83%9D-%EC%84%B8%EA%B5%90%EB%8F%99-%EC%95%84%ED%8C%8C%ED%8A%B8%ED%83%84%EC%84%B1%EC%BD%94%ED%8A%B8"
"328","경기","평택시","","동","세교동","평택-세교동","탄성코트","세교동-탄성코트","탄성코트","신규","P2","https://www.barumspace.co.kr/?k=%ED%8F%89%ED%83%9D-%EC%84%B8%EA%B5%90%EB%8F%99-%ED%83%84%EC%84%B1%EC%BD%94%ED%8A%B8"
"329","경기","평택시","","동","세교동","평택-세교동","탄성코트시공","세교동-탄성코트시공","탄성코트","신규","P2","https://www.barumspace.co.kr/?k=%ED%8F%89%ED%83%9D-%EC%84%B8%EA%B5%90%EB%8F%99-%ED%83%84%EC%84%B1%EC%BD%94%ED%8A%B8%EC%8B%9C%EA%B3%B5"
"330","경기","평택시","","동","세교동","평택-세교동","탄성코트업체","세교동-탄성코트업체","탄성코트","신규","P2","https://www.barumspace.co.kr/?k=%ED%8F%89%ED%83%9D-%EC%84%B8%EA%B5%90%EB%8F%99-%ED%83%84%EC%84%B1%EC%BD%94%ED%8A%B8%EC%97%85%EC%B2%B4"
"331","경기","평택시","","동","소사동","평택-소사동","베란다탄성코트","소사동-베란다탄성코트","탄성코트","신규","P2","https://www.barumspace.co.kr/?k=%ED%8F%89%ED%83%9D-%EC%86%8C%EC%82%AC%EB%8F%99-%EB%B2%A0%EB%9E%80%EB%8B%A4%ED%83%84%EC%84%B1%EC%BD%94%ED%8A%B8"
"332","경기","평택시","","동","소사동","평택-소사동","세탁실탄성코트","소사동-세탁실탄성코트","탄성코트","신규","P2","https://www.barumspace.co.kr/?k=%ED%8F%89%ED%83%9D-%EC%86%8C%EC%82%AC%EB%8F%99-%EC%84%B8%ED%83%81%EC%8B%A4%ED%83%84%EC%84%B1%EC%BD%94%ED%8A%B8"
"333","경기","평택시","","동","소사동","평택-소사동","아파트탄성코트","소사동-아파트탄성코트","탄성코트","신규","P2","https://www.barumspace.co.kr/?k=%ED%8F%89%ED%83%9D-%EC%86%8C%EC%82%AC%EB%8F%99-%EC%95%84%ED%8C%8C%ED%8A%B8%ED%83%84%EC%84%B1%EC%BD%94%ED%8A%B8"
"334","경기","평택시","","동","소사동","평택-소사동","탄성코트","소사동-탄성코트","탄성코트","신규","P2","https://www.barumspace.co.kr/?k=%ED%8F%89%ED%83%9D-%EC%86%8C%EC%82%AC%EB%8F%99-%ED%83%84%EC%84%B1%EC%BD%94%ED%8A%B8"
"335","경기","평택시","","동","소사동","평택-소사동","탄성코트시공","소사동-탄성코트시공","탄성코트","신규","P2","https://www.barumspace.co.kr/?k=%ED%8F%89%ED%83%9D-%EC%86%8C%EC%82%AC%EB%8F%99-%ED%83%84%EC%84%B1%EC%BD%94%ED%8A%B8%EC%8B%9C%EA%B3%B5"
"336","경기","평택시","","동","소사동","평택-소사동","탄성코트업체","소사동-탄성코트업체","탄성코트","신규","P2","https://www.barumspace.co.kr/?k=%ED%8F%89%ED%83%9D-%EC%86%8C%EC%82%AC%EB%8F%99-%ED%83%84%EC%84%B1%EC%BD%94%ED%8A%B8%EC%97%85%EC%B2%B4"
"337","경기","평택시","","동","신장동","평택-신장동","베란다탄성코트","신장동-베란다탄성코트","탄성코트","신규","P2","https://www.barumspace.co.kr/?k=%ED%8F%89%ED%83%9D-%EC%8B%A0%EC%9E%A5%EB%8F%99-%EB%B2%A0%EB%9E%80%EB%8B%A4%ED%83%84%EC%84%B1%EC%BD%94%ED%8A%B8"
"338","경기","평택시","","동","신장동","평택-신장동","세탁실탄성코트","신장동-세탁실탄성코트","탄성코트","신규","P2","https://www.barumspace.co.kr/?k=%ED%8F%89%ED%83%9D-%EC%8B%A0%EC%9E%A5%EB%8F%99-%EC%84%B8%ED%83%81%EC%8B%A4%ED%83%84%EC%84%B1%EC%BD%94%ED%8A%B8"
"339","경기","평택시","","동","신장동","평택-신장동","아파트탄성코트","신장동-아파트탄성코트","탄성코트","신규","P2","https://www.barumspace.co.kr/?k=%ED%8F%89%ED%83%9D-%EC%8B%A0%EC%9E%A5%EB%8F%99-%EC%95%84%ED%8C%8C%ED%8A%B8%ED%83%84%EC%84%B1%EC%BD%94%ED%8A%B8"
"340","경기","평택시","","동","신장동","평택-신장동","탄성코트","신장동-탄성코트","탄성코트","신규","P2","https://www.barumspace.co.kr/?k=%ED%8F%89%ED%83%9D-%EC%8B%A0%EC%9E%A5%EB%8F%99-%ED%83%84%EC%84%B1%EC%BD%94%ED%8A%B8"
"341","경기","평택시","","동","신장동","평택-신장동","탄성코트시공","신장동-탄성코트시공","탄성코트","신규","P2","https://www.barumspace.co.kr/?k=%ED%8F%89%ED%83%9D-%EC%8B%A0%EC%9E%A5%EB%8F%99-%ED%83%84%EC%84%B1%EC%BD%94%ED%8A%B8%EC%8B%9C%EA%B3%B5"
"342","경기","평택시","","동","신장동","평택-신장동","탄성코트업체","신장동-탄성코트업체","탄성코트","신규","P2","https://www.barumspace.co.kr/?k=%ED%8F%89%ED%83%9D-%EC%8B%A0%EC%9E%A5%EB%8F%99-%ED%83%84%EC%84%B1%EC%BD%94%ED%8A%B8%EC%97%85%EC%B2%B4"
"343","경기","평택시","","동","용이동","용이동","베란다탄성코트","용이동-베란다탄성코트","탄성코트","신규","P2","https://www.barumspace.co.kr/?k=%EC%9A%A9%EC%9D%B4%EB%8F%99-%EB%B2%A0%EB%9E%80%EB%8B%A4%ED%83%84%EC%84%B1%EC%BD%94%ED%8A%B8"
"344","경기","평택시","","동","용이동","용이동","세탁실탄성코트","용이동-세탁실탄성코트","탄성코트","신규","P2","https://www.barumspace.co.kr/?k=%EC%9A%A9%EC%9D%B4%EB%8F%99-%EC%84%B8%ED%83%81%EC%8B%A4%ED%83%84%EC%84%B1%EC%BD%94%ED%8A%B8"
"345","경기","평택시","","동","용이동","용이동","아파트탄성코트","용이동-아파트탄성코트","탄성코트","신규","P2","https://www.barumspace.co.kr/?k=%EC%9A%A9%EC%9D%B4%EB%8F%99-%EC%95%84%ED%8C%8C%ED%8A%B8%ED%83%84%EC%84%B1%EC%BD%94%ED%8A%B8"
"346","경기","평택시","","동","용이동","용이동","탄성코트","용이동-탄성코트","탄성코트","신규","P2","https://www.barumspace.co.kr/?k=%EC%9A%A9%EC%9D%B4%EB%8F%99-%ED%83%84%EC%84%B1%EC%BD%94%ED%8A%B8"
"347","경기","평택시","","동","용이동","용이동","탄성코트시공","용이동-탄성코트시공","탄성코트","신규","P2","https://www.barumspace.co.kr/?k=%EC%9A%A9%EC%9D%B4%EB%8F%99-%ED%83%84%EC%84%B1%EC%BD%94%ED%8A%B8%EC%8B%9C%EA%B3%B5"
"348","경기","평택시","","동","용이동","용이동","탄성코트업체","용이동-탄성코트업체","탄성코트","신규","P2","https://www.barumspace.co.kr/?k=%EC%9A%A9%EC%9D%B4%EB%8F%99-%ED%83%84%EC%84%B1%EC%BD%94%ED%8A%B8%EC%97%85%EC%B2%B4"
"349","경기","평택시","","동","이충동","이충동","베란다탄성코트","이충동-베란다탄성코트","탄성코트","신규","P2","https://www.barumspace.co.kr/?k=%EC%9D%B4%EC%B6%A9%EB%8F%99-%EB%B2%A0%EB%9E%80%EB%8B%A4%ED%83%84%EC%84%B1%EC%BD%94%ED%8A%B8"
"350","경기","평택시","","동","이충동","이충동","세탁실탄성코트","이충동-세탁실탄성코트","탄성코트","신규","P2","https://www.barumspace.co.kr/?k=%EC%9D%B4%EC%B6%A9%EB%8F%99-%EC%84%B8%ED%83%81%EC%8B%A4%ED%83%84%EC%84%B1%EC%BD%94%ED%8A%B8"
"351","경기","평택시","","동","이충동","이충동","아파트탄성코트","이충동-아파트탄성코트","탄성코트","신규","P2","https://www.barumspace.co.kr/?k=%EC%9D%B4%EC%B6%A9%EB%8F%99-%EC%95%84%ED%8C%8C%ED%8A%B8%ED%83%84%EC%84%B1%EC%BD%94%ED%8A%B8"
"352","경기","평택시","","동","이충동","이충동","탄성코트","이충동-탄성코트","탄성코트","신규","P2","https://www.barumspace.co.kr/?k=%EC%9D%B4%EC%B6%A9%EB%8F%99-%ED%83%84%EC%84%B1%EC%BD%94%ED%8A%B8"
"353","경기","평택시","","동","이충동","이충동","탄성코트시공","이충동-탄성코트시공","탄성코트","신규","P2","https://www.barumspace.co.kr/?k=%EC%9D%B4%EC%B6%A9%EB%8F%99-%ED%83%84%EC%84%B1%EC%BD%94%ED%8A%B8%EC%8B%9C%EA%B3%B5"
"354","경기","평택시","","동","이충동","이충동","탄성코트업체","이충동-탄성코트업체","탄성코트","신규","P2","https://www.barumspace.co.kr/?k=%EC%9D%B4%EC%B6%A9%EB%8F%99-%ED%83%84%EC%84%B1%EC%BD%94%ED%8A%B8%EC%97%85%EC%B2%B4"
"355","경기","평택시","","동","지산동","평택-지산동","베란다탄성코트","지산동-베란다탄성코트","탄성코트","신규","P2","https://www.barumspace.co.kr/?k=%ED%8F%89%ED%83%9D-%EC%A7%80%EC%82%B0%EB%8F%99-%EB%B2%A0%EB%9E%80%EB%8B%A4%ED%83%84%EC%84%B1%EC%BD%94%ED%8A%B8"
"356","경기","평택시","","동","지산동","평택-지산동","세탁실탄성코트","지산동-세탁실탄성코트","탄성코트","신규","P2","https://www.barumspace.co.kr/?k=%ED%8F%89%ED%83%9D-%EC%A7%80%EC%82%B0%EB%8F%99-%EC%84%B8%ED%83%81%EC%8B%A4%ED%83%84%EC%84%B1%EC%BD%94%ED%8A%B8"
"357","경기","평택시","","동","지산동","평택-지산동","아파트탄성코트","지산동-아파트탄성코트","탄성코트","신규","P2","https://www.barumspace.co.kr/?k=%ED%8F%89%ED%83%9D-%EC%A7%80%EC%82%B0%EB%8F%99-%EC%95%84%ED%8C%8C%ED%8A%B8%ED%83%84%EC%84%B1%EC%BD%94%ED%8A%B8"
"358","경기","평택시","","동","지산동","평택-지산동","탄성코트","지산동-탄성코트","탄성코트","신규","P2","https://www.barumspace.co.kr/?k=%ED%8F%89%ED%83%9D-%EC%A7%80%EC%82%B0%EB%8F%99-%ED%83%84%EC%84%B1%EC%BD%94%ED%8A%B8"
"359","경기","평택시","","동","지산동","평택-지산동","탄성코트시공","지산동-탄성코트시공","탄성코트","신규","P2","https://www.barumspace.co.kr/?k=%ED%8F%89%ED%83%9D-%EC%A7%80%EC%82%B0%EB%8F%99-%ED%83%84%EC%84%B1%EC%BD%94%ED%8A%B8%EC%8B%9C%EA%B3%B5"
"360","경기","평택시","","동","지산동","평택-지산동","탄성코트업체","지산동-탄성코트업체","탄성코트","신규","P2","https://www.barumspace.co.kr/?k=%ED%8F%89%ED%83%9D-%EC%A7%80%EC%82%B0%EB%8F%99-%ED%83%84%EC%84%B1%EC%BD%94%ED%8A%B8%EC%97%85%EC%B2%B4"
"361","경기","평택시","","동","지제동","지제동","베란다탄성코트","지제동-베란다탄성코트","탄성코트","신규","P2","https://www.barumspace.co.kr/?k=%EC%A7%80%EC%A0%9C%EB%8F%99-%EB%B2%A0%EB%9E%80%EB%8B%A4%ED%83%84%EC%84%B1%EC%BD%94%ED%8A%B8"
"362","경기","평택시","","동","지제동","지제동","세탁실탄성코트","지제동-세탁실탄성코트","탄성코트","신규","P2","https://www.barumspace.co.kr/?k=%EC%A7%80%EC%A0%9C%EB%8F%99-%EC%84%B8%ED%83%81%EC%8B%A4%ED%83%84%EC%84%B1%EC%BD%94%ED%8A%B8"
"363","경기","평택시","","동","지제동","지제동","아파트탄성코트","지제동-아파트탄성코트","탄성코트","신규","P2","https://www.barumspace.co.kr/?k=%EC%A7%80%EC%A0%9C%EB%8F%99-%EC%95%84%ED%8C%8C%ED%8A%B8%ED%83%84%EC%84%B1%EC%BD%94%ED%8A%B8"
"364","경기","평택시","","동","지제동","지제동","탄성코트","지제동-탄성코트","탄성코트","신규","P2","https://www.barumspace.co.kr/?k=%EC%A7%80%EC%A0%9C%EB%8F%99-%ED%83%84%EC%84%B1%EC%BD%94%ED%8A%B8"
"365","경기","평택시","","동","지제동","지제동","탄성코트시공","지제동-탄성코트시공","탄성코트","신규","P2","https://www.barumspace.co.kr/?k=%EC%A7%80%EC%A0%9C%EB%8F%99-%ED%83%84%EC%84%B1%EC%BD%94%ED%8A%B8%EC%8B%9C%EA%B3%B5"
"366","경기","평택시","","동","지제동","지제동","탄성코트업체","지제동-탄성코트업체","탄성코트","신규","P2","https://www.barumspace.co.kr/?k=%EC%A7%80%EC%A0%9C%EB%8F%99-%ED%83%84%EC%84%B1%EC%BD%94%ED%8A%B8%EC%97%85%EC%B2%B4"
"367","경기","평택시","","동","합정동","평택-합정동","베란다탄성코트","합정동-베란다탄성코트","탄성코트","신규","P2","https://www.barumspace.co.kr/?k=%ED%8F%89%ED%83%9D-%ED%95%A9%EC%A0%95%EB%8F%99-%EB%B2%A0%EB%9E%80%EB%8B%A4%ED%83%84%EC%84%B1%EC%BD%94%ED%8A%B8"
"368","경기","평택시","","동","합정동","평택-합정동","세탁실탄성코트","합정동-세탁실탄성코트","탄성코트","신규","P2","https://www.barumspace.co.kr/?k=%ED%8F%89%ED%83%9D-%ED%95%A9%EC%A0%95%EB%8F%99-%EC%84%B8%ED%83%81%EC%8B%A4%ED%83%84%EC%84%B1%EC%BD%94%ED%8A%B8"
"369","경기","평택시","","동","합정동","평택-합정동","아파트탄성코트","합정동-아파트탄성코트","탄성코트","신규","P2","https://www.barumspace.co.kr/?k=%ED%8F%89%ED%83%9D-%ED%95%A9%EC%A0%95%EB%8F%99-%EC%95%84%ED%8C%8C%ED%8A%B8%ED%83%84%EC%84%B1%EC%BD%94%ED%8A%B8"
"370","경기","평택시","","동","합정동","평택-합정동","탄성코트","합정동-탄성코트","탄성코트","신규","P2","https://www.barumspace.co.kr/?k=%ED%8F%89%ED%83%9D-%ED%95%A9%EC%A0%95%EB%8F%99-%ED%83%84%EC%84%B1%EC%BD%94%ED%8A%B8"
"371","경기","평택시","","동","합정동","평택-합정동","탄성코트시공","합정동-탄성코트시공","탄성코트","신규","P2","https://www.barumspace.co.kr/?k=%ED%8F%89%ED%83%9D-%ED%95%A9%EC%A0%95%EB%8F%99-%ED%83%84%EC%84%B1%EC%BD%94%ED%8A%B8%EC%8B%9C%EA%B3%B5"
"372","경기","평택시","","동","합정동","평택-합정동","탄성코트업체","합정동-탄성코트업체","탄성코트","신규","P2","https://www.barumspace.co.kr/?k=%ED%8F%89%ED%83%9D-%ED%95%A9%EC%A0%95%EB%8F%99-%ED%83%84%EC%84%B1%EC%BD%94%ED%8A%B8%EC%97%85%EC%B2%B4"
"373","경기","화성시","당성구","동","금곡동","화성-금곡동","베란다탄성코트","금곡동-베란다탄성코트","탄성코트","신규","P2","https://www.barumspace.co.kr/?k=%ED%99%94%EC%84%B1-%EA%B8%88%EA%B3%A1%EB%8F%99-%EB%B2%A0%EB%9E%80%EB%8B%A4%ED%83%84%EC%84%B1%EC%BD%94%ED%8A%B8"
"374","경기","화성시","당성구","동","금곡동","화성-금곡동","세탁실탄성코트","금곡동-세탁실탄성코트","탄성코트","신규","P2","https://www.barumspace.co.kr/?k=%ED%99%94%EC%84%B1-%EA%B8%88%EA%B3%A1%EB%8F%99-%EC%84%B8%ED%83%81%EC%8B%A4%ED%83%84%EC%84%B1%EC%BD%94%ED%8A%B8"
"375","경기","화성시","당성구","동","금곡동","화성-금곡동","아파트탄성코트","금곡동-아파트탄성코트","탄성코트","신규","P2","https://www.barumspace.co.kr/?k=%ED%99%94%EC%84%B1-%EA%B8%88%EA%B3%A1%EB%8F%99-%EC%95%84%ED%8C%8C%ED%8A%B8%ED%83%84%EC%84%B1%EC%BD%94%ED%8A%B8"
"376","경기","화성시","당성구","동","금곡동","화성-금곡동","탄성코트","금곡동-탄성코트","탄성코트","신규","P2","https://www.barumspace.co.kr/?k=%ED%99%94%EC%84%B1-%EA%B8%88%EA%B3%A1%EB%8F%99-%ED%83%84%EC%84%B1%EC%BD%94%ED%8A%B8"
"377","경기","화성시","당성구","동","금곡동","화성-금곡동","탄성코트시공","금곡동-탄성코트시공","탄성코트","신규","P2","https://www.barumspace.co.kr/?k=%ED%99%94%EC%84%B1-%EA%B8%88%EA%B3%A1%EB%8F%99-%ED%83%84%EC%84%B1%EC%BD%94%ED%8A%B8%EC%8B%9C%EA%B3%B5"
"378","경기","화성시","당성구","동","금곡동","화성-금곡동","탄성코트업체","금곡동-탄성코트업체","탄성코트","신규","P2","https://www.barumspace.co.kr/?k=%ED%99%94%EC%84%B1-%EA%B8%88%EA%B3%A1%EB%8F%99-%ED%83%84%EC%84%B1%EC%BD%94%ED%8A%B8%EC%97%85%EC%B2%B4"
"379","경기","화성시","당성구","동","남양동","남양동","베란다탄성코트","남양동-베란다탄성코트","탄성코트","신규","P2","https://www.barumspace.co.kr/?k=%EB%82%A8%EC%96%91%EB%8F%99-%EB%B2%A0%EB%9E%80%EB%8B%A4%ED%83%84%EC%84%B1%EC%BD%94%ED%8A%B8"
"380","경기","화성시","당성구","동","남양동","남양동","세탁실탄성코트","남양동-세탁실탄성코트","탄성코트","신규","P2","https://www.barumspace.co.kr/?k=%EB%82%A8%EC%96%91%EB%8F%99-%EC%84%B8%ED%83%81%EC%8B%A4%ED%83%84%EC%84%B1%EC%BD%94%ED%8A%B8"
"381","경기","화성시","당성구","동","남양동","남양동","아파트탄성코트","남양동-아파트탄성코트","탄성코트","신규","P2","https://www.barumspace.co.kr/?k=%EB%82%A8%EC%96%91%EB%8F%99-%EC%95%84%ED%8C%8C%ED%8A%B8%ED%83%84%EC%84%B1%EC%BD%94%ED%8A%B8"
"382","경기","화성시","당성구","동","남양동","남양동","탄성코트","남양동-탄성코트","탄성코트","신규","P2","https://www.barumspace.co.kr/?k=%EB%82%A8%EC%96%91%EB%8F%99-%ED%83%84%EC%84%B1%EC%BD%94%ED%8A%B8"
"383","경기","화성시","당성구","동","남양동","남양동","탄성코트시공","남양동-탄성코트시공","탄성코트","신규","P2","https://www.barumspace.co.kr/?k=%EB%82%A8%EC%96%91%EB%8F%99-%ED%83%84%EC%84%B1%EC%BD%94%ED%8A%B8%EC%8B%9C%EA%B3%B5"
"384","경기","화성시","당성구","동","남양동","남양동","탄성코트업체","남양동-탄성코트업체","탄성코트","신규","P2","https://www.barumspace.co.kr/?k=%EB%82%A8%EC%96%91%EB%8F%99-%ED%83%84%EC%84%B1%EC%BD%94%ED%8A%B8%EC%97%85%EC%B2%B4"
"385","경기","화성시","당성구","동","장안동","화성-장안동","베란다탄성코트","장안동-베란다탄성코트","탄성코트","신규","P2","https://www.barumspace.co.kr/?k=%ED%99%94%EC%84%B1-%EC%9E%A5%EC%95%88%EB%8F%99-%EB%B2%A0%EB%9E%80%EB%8B%A4%ED%83%84%EC%84%B1%EC%BD%94%ED%8A%B8"
"386","경기","화성시","당성구","동","장안동","화성-장안동","세탁실탄성코트","장안동-세탁실탄성코트","탄성코트","신규","P2","https://www.barumspace.co.kr/?k=%ED%99%94%EC%84%B1-%EC%9E%A5%EC%95%88%EB%8F%99-%EC%84%B8%ED%83%81%EC%8B%A4%ED%83%84%EC%84%B1%EC%BD%94%ED%8A%B8"
"387","경기","화성시","당성구","동","장안동","화성-장안동","아파트탄성코트","장안동-아파트탄성코트","탄성코트","신규","P2","https://www.barumspace.co.kr/?k=%ED%99%94%EC%84%B1-%EC%9E%A5%EC%95%88%EB%8F%99-%EC%95%84%ED%8C%8C%ED%8A%B8%ED%83%84%EC%84%B1%EC%BD%94%ED%8A%B8"
"388","경기","화성시","당성구","동","장안동","화성-장안동","탄성코트","장안동-탄성코트","탄성코트","신규","P2","https://www.barumspace.co.kr/?k=%ED%99%94%EC%84%B1-%EC%9E%A5%EC%95%88%EB%8F%99-%ED%83%84%EC%84%B1%EC%BD%94%ED%8A%B8"
"389","경기","화성시","당성구","동","장안동","화성-장안동","탄성코트시공","장안동-탄성코트시공","탄성코트","신규","P2","https://www.barumspace.co.kr/?k=%ED%99%94%EC%84%B1-%EC%9E%A5%EC%95%88%EB%8F%99-%ED%83%84%EC%84%B1%EC%BD%94%ED%8A%B8%EC%8B%9C%EA%B3%B5"
"390","경기","화성시","당성구","동","장안동","화성-장안동","탄성코트업체","장안동-탄성코트업체","탄성코트","신규","P2","https://www.barumspace.co.kr/?k=%ED%99%94%EC%84%B1-%EC%9E%A5%EC%95%88%EB%8F%99-%ED%83%84%EC%84%B1%EC%BD%94%ED%8A%B8%EC%97%85%EC%B2%B4"
"391","경기","화성시","동탄구","동","능동","화성-능동","베란다탄성코트","능동-베란다탄성코트","탄성코트","신규","P2","https://www.barumspace.co.kr/?k=%ED%99%94%EC%84%B1-%EB%8A%A5%EB%8F%99-%EB%B2%A0%EB%9E%80%EB%8B%A4%ED%83%84%EC%84%B1%EC%BD%94%ED%8A%B8"
"392","경기","화성시","동탄구","동","능동","화성-능동","세탁실탄성코트","능동-세탁실탄성코트","탄성코트","신규","P2","https://www.barumspace.co.kr/?k=%ED%99%94%EC%84%B1-%EB%8A%A5%EB%8F%99-%EC%84%B8%ED%83%81%EC%8B%A4%ED%83%84%EC%84%B1%EC%BD%94%ED%8A%B8"
"393","경기","화성시","동탄구","동","능동","화성-능동","아파트탄성코트","능동-아파트탄성코트","탄성코트","신규","P2","https://www.barumspace.co.kr/?k=%ED%99%94%EC%84%B1-%EB%8A%A5%EB%8F%99-%EC%95%84%ED%8C%8C%ED%8A%B8%ED%83%84%EC%84%B1%EC%BD%94%ED%8A%B8"
"394","경기","화성시","동탄구","동","능동","화성-능동","탄성코트","능동-탄성코트","탄성코트","신규","P2","https://www.barumspace.co.kr/?k=%ED%99%94%EC%84%B1-%EB%8A%A5%EB%8F%99-%ED%83%84%EC%84%B1%EC%BD%94%ED%8A%B8"
"395","경기","화성시","동탄구","동","능동","화성-능동","탄성코트시공","능동-탄성코트시공","탄성코트","신규","P2","https://www.barumspace.co.kr/?k=%ED%99%94%EC%84%B1-%EB%8A%A5%EB%8F%99-%ED%83%84%EC%84%B1%EC%BD%94%ED%8A%B8%EC%8B%9C%EA%B3%B5"
"396","경기","화성시","동탄구","동","능동","화성-능동","탄성코트업체","능동-탄성코트업체","탄성코트","신규","P2","https://www.barumspace.co.kr/?k=%ED%99%94%EC%84%B1-%EB%8A%A5%EB%8F%99-%ED%83%84%EC%84%B1%EC%BD%94%ED%8A%B8%EC%97%85%EC%B2%B4"
"397","경기","화성시","동탄구","동","목동","화성-목동","베란다탄성코트","목동-베란다탄성코트","탄성코트","신규","P2","https://www.barumspace.co.kr/?k=%ED%99%94%EC%84%B1-%EB%AA%A9%EB%8F%99-%EB%B2%A0%EB%9E%80%EB%8B%A4%ED%83%84%EC%84%B1%EC%BD%94%ED%8A%B8"
"398","경기","화성시","동탄구","동","목동","화성-목동","세탁실탄성코트","목동-세탁실탄성코트","탄성코트","신규","P2","https://www.barumspace.co.kr/?k=%ED%99%94%EC%84%B1-%EB%AA%A9%EB%8F%99-%EC%84%B8%ED%83%81%EC%8B%A4%ED%83%84%EC%84%B1%EC%BD%94%ED%8A%B8"
"399","경기","화성시","동탄구","동","목동","화성-목동","아파트탄성코트","목동-아파트탄성코트","탄성코트","신규","P2","https://www.barumspace.co.kr/?k=%ED%99%94%EC%84%B1-%EB%AA%A9%EB%8F%99-%EC%95%84%ED%8C%8C%ED%8A%B8%ED%83%84%EC%84%B1%EC%BD%94%ED%8A%B8"
"400","경기","화성시","동탄구","동","목동","화성-목동","탄성코트","목동-탄성코트","탄성코트","신규","P2","https://www.barumspace.co.kr/?k=%ED%99%94%EC%84%B1-%EB%AA%A9%EB%8F%99-%ED%83%84%EC%84%B1%EC%BD%94%ED%8A%B8"
"401","경기","화성시","동탄구","동","목동","화성-목동","탄성코트시공","목동-탄성코트시공","탄성코트","신규","P2","https://www.barumspace.co.kr/?k=%ED%99%94%EC%84%B1-%EB%AA%A9%EB%8F%99-%ED%83%84%EC%84%B1%EC%BD%94%ED%8A%B8%EC%8B%9C%EA%B3%B5"
"402","경기","화성시","동탄구","동","목동","화성-목동","탄성코트업체","목동-탄성코트업체","탄성코트","신규","P2","https://www.barumspace.co.kr/?k=%ED%99%94%EC%84%B1-%EB%AA%A9%EB%8F%99-%ED%83%84%EC%84%B1%EC%BD%94%ED%8A%B8%EC%97%85%EC%B2%B4"
"403","경기","화성시","동탄구","동","산척동","산척동","베란다탄성코트","산척동-베란다탄성코트","탄성코트","신규","P2","https://www.barumspace.co.kr/?k=%EC%82%B0%EC%B2%99%EB%8F%99-%EB%B2%A0%EB%9E%80%EB%8B%A4%ED%83%84%EC%84%B1%EC%BD%94%ED%8A%B8"
"404","경기","화성시","동탄구","동","산척동","산척동","세탁실탄성코트","산척동-세탁실탄성코트","탄성코트","신규","P2","https://www.barumspace.co.kr/?k=%EC%82%B0%EC%B2%99%EB%8F%99-%EC%84%B8%ED%83%81%EC%8B%A4%ED%83%84%EC%84%B1%EC%BD%94%ED%8A%B8"
"405","경기","화성시","동탄구","동","산척동","산척동","아파트탄성코트","산척동-아파트탄성코트","탄성코트","신규","P2","https://www.barumspace.co.kr/?k=%EC%82%B0%EC%B2%99%EB%8F%99-%EC%95%84%ED%8C%8C%ED%8A%B8%ED%83%84%EC%84%B1%EC%BD%94%ED%8A%B8"
"406","경기","화성시","동탄구","동","산척동","산척동","탄성코트","산척동-탄성코트","탄성코트","신규","P2","https://www.barumspace.co.kr/?k=%EC%82%B0%EC%B2%99%EB%8F%99-%ED%83%84%EC%84%B1%EC%BD%94%ED%8A%B8"
"407","경기","화성시","동탄구","동","산척동","산척동","탄성코트시공","산척동-탄성코트시공","탄성코트","신규","P2","https://www.barumspace.co.kr/?k=%EC%82%B0%EC%B2%99%EB%8F%99-%ED%83%84%EC%84%B1%EC%BD%94%ED%8A%B8%EC%8B%9C%EA%B3%B5"
"408","경기","화성시","동탄구","동","산척동","산척동","탄성코트업체","산척동-탄성코트업체","탄성코트","신규","P2","https://www.barumspace.co.kr/?k=%EC%82%B0%EC%B2%99%EB%8F%99-%ED%83%84%EC%84%B1%EC%BD%94%ED%8A%B8%EC%97%85%EC%B2%B4"
"409","경기","화성시","동탄구","동","송동","화성-송동","베란다탄성코트","송동-베란다탄성코트","탄성코트","신규","P2","https://www.barumspace.co.kr/?k=%ED%99%94%EC%84%B1-%EC%86%A1%EB%8F%99-%EB%B2%A0%EB%9E%80%EB%8B%A4%ED%83%84%EC%84%B1%EC%BD%94%ED%8A%B8"
"410","경기","화성시","동탄구","동","송동","화성-송동","세탁실탄성코트","송동-세탁실탄성코트","탄성코트","신규","P2","https://www.barumspace.co.kr/?k=%ED%99%94%EC%84%B1-%EC%86%A1%EB%8F%99-%EC%84%B8%ED%83%81%EC%8B%A4%ED%83%84%EC%84%B1%EC%BD%94%ED%8A%B8"
"411","경기","화성시","동탄구","동","송동","화성-송동","아파트탄성코트","송동-아파트탄성코트","탄성코트","신규","P2","https://www.barumspace.co.kr/?k=%ED%99%94%EC%84%B1-%EC%86%A1%EB%8F%99-%EC%95%84%ED%8C%8C%ED%8A%B8%ED%83%84%EC%84%B1%EC%BD%94%ED%8A%B8"
"412","경기","화성시","동탄구","동","송동","화성-송동","탄성코트","송동-탄성코트","탄성코트","신규","P2","https://www.barumspace.co.kr/?k=%ED%99%94%EC%84%B1-%EC%86%A1%EB%8F%99-%ED%83%84%EC%84%B1%EC%BD%94%ED%8A%B8"
"413","경기","화성시","동탄구","동","송동","화성-송동","탄성코트시공","송동-탄성코트시공","탄성코트","신규","P2","https://www.barumspace.co.kr/?k=%ED%99%94%EC%84%B1-%EC%86%A1%EB%8F%99-%ED%83%84%EC%84%B1%EC%BD%94%ED%8A%B8%EC%8B%9C%EA%B3%B5"
"414","경기","화성시","동탄구","동","송동","화성-송동","탄성코트업체","송동-탄성코트업체","탄성코트","신규","P2","https://www.barumspace.co.kr/?k=%ED%99%94%EC%84%B1-%EC%86%A1%EB%8F%99-%ED%83%84%EC%84%B1%EC%BD%94%ED%8A%B8%EC%97%85%EC%B2%B4"
"415","경기","화성시","동탄구","동","신동","화성-신동","베란다탄성코트","신동-베란다탄성코트","탄성코트","신규","P2","https://www.barumspace.co.kr/?k=%ED%99%94%EC%84%B1-%EC%8B%A0%EB%8F%99-%EB%B2%A0%EB%9E%80%EB%8B%A4%ED%83%84%EC%84%B1%EC%BD%94%ED%8A%B8"
"416","경기","화성시","동탄구","동","신동","화성-신동","세탁실탄성코트","신동-세탁실탄성코트","탄성코트","신규","P2","https://www.barumspace.co.kr/?k=%ED%99%94%EC%84%B1-%EC%8B%A0%EB%8F%99-%EC%84%B8%ED%83%81%EC%8B%A4%ED%83%84%EC%84%B1%EC%BD%94%ED%8A%B8"
"417","경기","화성시","동탄구","동","신동","화성-신동","아파트탄성코트","신동-아파트탄성코트","탄성코트","신규","P2","https://www.barumspace.co.kr/?k=%ED%99%94%EC%84%B1-%EC%8B%A0%EB%8F%99-%EC%95%84%ED%8C%8C%ED%8A%B8%ED%83%84%EC%84%B1%EC%BD%94%ED%8A%B8"
"418","경기","화성시","동탄구","동","신동","화성-신동","탄성코트","신동-탄성코트","탄성코트","신규","P2","https://www.barumspace.co.kr/?k=%ED%99%94%EC%84%B1-%EC%8B%A0%EB%8F%99-%ED%83%84%EC%84%B1%EC%BD%94%ED%8A%B8"
"419","경기","화성시","동탄구","동","신동","화성-신동","탄성코트시공","신동-탄성코트시공","탄성코트","신규","P2","https://www.barumspace.co.kr/?k=%ED%99%94%EC%84%B1-%EC%8B%A0%EB%8F%99-%ED%83%84%EC%84%B1%EC%BD%94%ED%8A%B8%EC%8B%9C%EA%B3%B5"
"420","경기","화성시","동탄구","동","신동","화성-신동","탄성코트업체","신동-탄성코트업체","탄성코트","신규","P2","https://www.barumspace.co.kr/?k=%ED%99%94%EC%84%B1-%EC%8B%A0%EB%8F%99-%ED%83%84%EC%84%B1%EC%BD%94%ED%8A%B8%EC%97%85%EC%B2%B4"
"421","경기","화성시","동탄구","동","여울동","여울동","베란다탄성코트","여울동-베란다탄성코트","탄성코트","신규","P2","https://www.barumspace.co.kr/?k=%EC%97%AC%EC%9A%B8%EB%8F%99-%EB%B2%A0%EB%9E%80%EB%8B%A4%ED%83%84%EC%84%B1%EC%BD%94%ED%8A%B8"
"422","경기","화성시","동탄구","동","여울동","여울동","세탁실탄성코트","여울동-세탁실탄성코트","탄성코트","신규","P2","https://www.barumspace.co.kr/?k=%EC%97%AC%EC%9A%B8%EB%8F%99-%EC%84%B8%ED%83%81%EC%8B%A4%ED%83%84%EC%84%B1%EC%BD%94%ED%8A%B8"
"423","경기","화성시","동탄구","동","여울동","여울동","아파트탄성코트","여울동-아파트탄성코트","탄성코트","신규","P2","https://www.barumspace.co.kr/?k=%EC%97%AC%EC%9A%B8%EB%8F%99-%EC%95%84%ED%8C%8C%ED%8A%B8%ED%83%84%EC%84%B1%EC%BD%94%ED%8A%B8"
"424","경기","화성시","동탄구","동","여울동","여울동","탄성코트","여울동-탄성코트","탄성코트","신규","P2","https://www.barumspace.co.kr/?k=%EC%97%AC%EC%9A%B8%EB%8F%99-%ED%83%84%EC%84%B1%EC%BD%94%ED%8A%B8"
"425","경기","화성시","동탄구","동","여울동","여울동","탄성코트시공","여울동-탄성코트시공","탄성코트","신규","P2","https://www.barumspace.co.kr/?k=%EC%97%AC%EC%9A%B8%EB%8F%99-%ED%83%84%EC%84%B1%EC%BD%94%ED%8A%B8%EC%8B%9C%EA%B3%B5"
"426","경기","화성시","동탄구","동","여울동","여울동","탄성코트업체","여울동-탄성코트업체","탄성코트","신규","P2","https://www.barumspace.co.kr/?k=%EC%97%AC%EC%9A%B8%EB%8F%99-%ED%83%84%EC%84%B1%EC%BD%94%ED%8A%B8%EC%97%85%EC%B2%B4"
"427","경기","화성시","동탄구","동","영천동","영천동","베란다탄성코트","영천동-베란다탄성코트","탄성코트","신규","P2","https://www.barumspace.co.kr/?k=%EC%98%81%EC%B2%9C%EB%8F%99-%EB%B2%A0%EB%9E%80%EB%8B%A4%ED%83%84%EC%84%B1%EC%BD%94%ED%8A%B8"
"428","경기","화성시","동탄구","동","영천동","영천동","세탁실탄성코트","영천동-세탁실탄성코트","탄성코트","신규","P2","https://www.barumspace.co.kr/?k=%EC%98%81%EC%B2%9C%EB%8F%99-%EC%84%B8%ED%83%81%EC%8B%A4%ED%83%84%EC%84%B1%EC%BD%94%ED%8A%B8"
"429","경기","화성시","동탄구","동","영천동","영천동","아파트탄성코트","영천동-아파트탄성코트","탄성코트","신규","P2","https://www.barumspace.co.kr/?k=%EC%98%81%EC%B2%9C%EB%8F%99-%EC%95%84%ED%8C%8C%ED%8A%B8%ED%83%84%EC%84%B1%EC%BD%94%ED%8A%B8"
"430","경기","화성시","동탄구","동","영천동","영천동","탄성코트","영천동-탄성코트","탄성코트","신규","P2","https://www.barumspace.co.kr/?k=%EC%98%81%EC%B2%9C%EB%8F%99-%ED%83%84%EC%84%B1%EC%BD%94%ED%8A%B8"
"431","경기","화성시","동탄구","동","영천동","영천동","탄성코트시공","영천동-탄성코트시공","탄성코트","신규","P2","https://www.barumspace.co.kr/?k=%EC%98%81%EC%B2%9C%EB%8F%99-%ED%83%84%EC%84%B1%EC%BD%94%ED%8A%B8%EC%8B%9C%EA%B3%B5"
"432","경기","화성시","동탄구","동","영천동","영천동","탄성코트업체","영천동-탄성코트업체","탄성코트","신규","P2","https://www.barumspace.co.kr/?k=%EC%98%81%EC%B2%9C%EB%8F%99-%ED%83%84%EC%84%B1%EC%BD%94%ED%8A%B8%EC%97%85%EC%B2%B4"
"433","경기","화성시","동탄구","동","중동","화성-중동","베란다탄성코트","중동-베란다탄성코트","탄성코트","신규","P2","https://www.barumspace.co.kr/?k=%ED%99%94%EC%84%B1-%EC%A4%91%EB%8F%99-%EB%B2%A0%EB%9E%80%EB%8B%A4%ED%83%84%EC%84%B1%EC%BD%94%ED%8A%B8"
"434","경기","화성시","동탄구","동","중동","화성-중동","세탁실탄성코트","중동-세탁실탄성코트","탄성코트","신규","P2","https://www.barumspace.co.kr/?k=%ED%99%94%EC%84%B1-%EC%A4%91%EB%8F%99-%EC%84%B8%ED%83%81%EC%8B%A4%ED%83%84%EC%84%B1%EC%BD%94%ED%8A%B8"
"435","경기","화성시","동탄구","동","중동","화성-중동","아파트탄성코트","중동-아파트탄성코트","탄성코트","신규","P2","https://www.barumspace.co.kr/?k=%ED%99%94%EC%84%B1-%EC%A4%91%EB%8F%99-%EC%95%84%ED%8C%8C%ED%8A%B8%ED%83%84%EC%84%B1%EC%BD%94%ED%8A%B8"
"436","경기","화성시","동탄구","동","중동","화성-중동","탄성코트","중동-탄성코트","탄성코트","신규","P2","https://www.barumspace.co.kr/?k=%ED%99%94%EC%84%B1-%EC%A4%91%EB%8F%99-%ED%83%84%EC%84%B1%EC%BD%94%ED%8A%B8"
"437","경기","화성시","동탄구","동","중동","화성-중동","탄성코트시공","중동-탄성코트시공","탄성코트","신규","P2","https://www.barumspace.co.kr/?k=%ED%99%94%EC%84%B1-%EC%A4%91%EB%8F%99-%ED%83%84%EC%84%B1%EC%BD%94%ED%8A%B8%EC%8B%9C%EA%B3%B5"
"438","경기","화성시","동탄구","동","중동","화성-중동","탄성코트업체","중동-탄성코트업체","탄성코트","신규","P2","https://www.barumspace.co.kr/?k=%ED%99%94%EC%84%B1-%EC%A4%91%EB%8F%99-%ED%83%84%EC%84%B1%EC%BD%94%ED%8A%B8%EC%97%85%EC%B2%B4"
"439","경기","화성시","동탄구","동","청계동","화성-청계동","베란다탄성코트","청계동-베란다탄성코트","탄성코트","신규","P2","https://www.barumspace.co.kr/?k=%ED%99%94%EC%84%B1-%EC%B2%AD%EA%B3%84%EB%8F%99-%EB%B2%A0%EB%9E%80%EB%8B%A4%ED%83%84%EC%84%B1%EC%BD%94%ED%8A%B8"
"440","경기","화성시","동탄구","동","청계동","화성-청계동","세탁실탄성코트","청계동-세탁실탄성코트","탄성코트","신규","P2","https://www.barumspace.co.kr/?k=%ED%99%94%EC%84%B1-%EC%B2%AD%EA%B3%84%EB%8F%99-%EC%84%B8%ED%83%81%EC%8B%A4%ED%83%84%EC%84%B1%EC%BD%94%ED%8A%B8"
"441","경기","화성시","동탄구","동","청계동","화성-청계동","아파트탄성코트","청계동-아파트탄성코트","탄성코트","신규","P2","https://www.barumspace.co.kr/?k=%ED%99%94%EC%84%B1-%EC%B2%AD%EA%B3%84%EB%8F%99-%EC%95%84%ED%8C%8C%ED%8A%B8%ED%83%84%EC%84%B1%EC%BD%94%ED%8A%B8"
"442","경기","화성시","동탄구","동","청계동","화성-청계동","탄성코트","청계동-탄성코트","탄성코트","신규","P2","https://www.barumspace.co.kr/?k=%ED%99%94%EC%84%B1-%EC%B2%AD%EA%B3%84%EB%8F%99-%ED%83%84%EC%84%B1%EC%BD%94%ED%8A%B8"
"443","경기","화성시","동탄구","동","청계동","화성-청계동","탄성코트시공","청계동-탄성코트시공","탄성코트","신규","P2","https://www.barumspace.co.kr/?k=%ED%99%94%EC%84%B1-%EC%B2%AD%EA%B3%84%EB%8F%99-%ED%83%84%EC%84%B1%EC%BD%94%ED%8A%B8%EC%8B%9C%EA%B3%B5"
"444","경기","화성시","동탄구","동","청계동","화성-청계동","탄성코트업체","청계동-탄성코트업체","탄성코트","신규","P2","https://www.barumspace.co.kr/?k=%ED%99%94%EC%84%B1-%EC%B2%AD%EA%B3%84%EB%8F%99-%ED%83%84%EC%84%B1%EC%BD%94%ED%8A%B8%EC%97%85%EC%B2%B4"
"445","경기","화성시","만세구","동","새솔동","새솔동","베란다탄성코트","새솔동-베란다탄성코트","탄성코트","신규","P2","https://www.barumspace.co.kr/?k=%EC%83%88%EC%86%94%EB%8F%99-%EB%B2%A0%EB%9E%80%EB%8B%A4%ED%83%84%EC%84%B1%EC%BD%94%ED%8A%B8"
"446","경기","화성시","만세구","동","새솔동","새솔동","세탁실탄성코트","새솔동-세탁실탄성코트","탄성코트","신규","P2","https://www.barumspace.co.kr/?k=%EC%83%88%EC%86%94%EB%8F%99-%EC%84%B8%ED%83%81%EC%8B%A4%ED%83%84%EC%84%B1%EC%BD%94%ED%8A%B8"
"447","경기","화성시","만세구","동","새솔동","새솔동","아파트탄성코트","새솔동-아파트탄성코트","탄성코트","신규","P2","https://www.barumspace.co.kr/?k=%EC%83%88%EC%86%94%EB%8F%99-%EC%95%84%ED%8C%8C%ED%8A%B8%ED%83%84%EC%84%B1%EC%BD%94%ED%8A%B8"
"448","경기","화성시","만세구","동","새솔동","새솔동","탄성코트","새솔동-탄성코트","탄성코트","신규","P2","https://www.barumspace.co.kr/?k=%EC%83%88%EC%86%94%EB%8F%99-%ED%83%84%EC%84%B1%EC%BD%94%ED%8A%B8"
"449","경기","화성시","만세구","동","새솔동","새솔동","탄성코트시공","새솔동-탄성코트시공","탄성코트","신규","P2","https://www.barumspace.co.kr/?k=%EC%83%88%EC%86%94%EB%8F%99-%ED%83%84%EC%84%B1%EC%BD%94%ED%8A%B8%EC%8B%9C%EA%B3%B5"
"450","경기","화성시","만세구","동","새솔동","새솔동","탄성코트업체","새솔동-탄성코트업체","탄성코트","신규","P2","https://www.barumspace.co.kr/?k=%EC%83%88%EC%86%94%EB%8F%99-%ED%83%84%EC%84%B1%EC%BD%94%ED%8A%B8%EC%97%85%EC%B2%B4"
"451","경기","화성시","효행구","동","기산동","기산동","베란다탄성코트","기산동-베란다탄성코트","탄성코트","신규","P2","https://www.barumspace.co.kr/?k=%EA%B8%B0%EC%82%B0%EB%8F%99-%EB%B2%A0%EB%9E%80%EB%8B%A4%ED%83%84%EC%84%B1%EC%BD%94%ED%8A%B8"
"452","경기","화성시","효행구","동","기산동","기산동","세탁실탄성코트","기산동-세탁실탄성코트","탄성코트","신규","P2","https://www.barumspace.co.kr/?k=%EA%B8%B0%EC%82%B0%EB%8F%99-%EC%84%B8%ED%83%81%EC%8B%A4%ED%83%84%EC%84%B1%EC%BD%94%ED%8A%B8"
"453","경기","화성시","효행구","동","기산동","기산동","아파트탄성코트","기산동-아파트탄성코트","탄성코트","신규","P2","https://www.barumspace.co.kr/?k=%EA%B8%B0%EC%82%B0%EB%8F%99-%EC%95%84%ED%8C%8C%ED%8A%B8%ED%83%84%EC%84%B1%EC%BD%94%ED%8A%B8"
"454","경기","화성시","효행구","동","기산동","기산동","탄성코트","기산동-탄성코트","탄성코트","신규","P2","https://www.barumspace.co.kr/?k=%EA%B8%B0%EC%82%B0%EB%8F%99-%ED%83%84%EC%84%B1%EC%BD%94%ED%8A%B8"
"455","경기","화성시","효행구","동","기산동","기산동","탄성코트시공","기산동-탄성코트시공","탄성코트","신규","P2","https://www.barumspace.co.kr/?k=%EA%B8%B0%EC%82%B0%EB%8F%99-%ED%83%84%EC%84%B1%EC%BD%94%ED%8A%B8%EC%8B%9C%EA%B3%B5"
"456","경기","화성시","효행구","동","기산동","기산동","탄성코트업체","기산동-탄성코트업체","탄성코트","신규","P2","https://www.barumspace.co.kr/?k=%EA%B8%B0%EC%82%B0%EB%8F%99-%ED%83%84%EC%84%B1%EC%BD%94%ED%8A%B8%EC%97%85%EC%B2%B4"
"457","경기","화성시","효행구","동","반월동","화성-반월동","베란다탄성코트","반월동-베란다탄성코트","탄성코트","신규","P2","https://www.barumspace.co.kr/?k=%ED%99%94%EC%84%B1-%EB%B0%98%EC%9B%94%EB%8F%99-%EB%B2%A0%EB%9E%80%EB%8B%A4%ED%83%84%EC%84%B1%EC%BD%94%ED%8A%B8"
"458","경기","화성시","효행구","동","반월동","화성-반월동","세탁실탄성코트","반월동-세탁실탄성코트","탄성코트","신규","P2","https://www.barumspace.co.kr/?k=%ED%99%94%EC%84%B1-%EB%B0%98%EC%9B%94%EB%8F%99-%EC%84%B8%ED%83%81%EC%8B%A4%ED%83%84%EC%84%B1%EC%BD%94%ED%8A%B8"
"459","경기","화성시","효행구","동","반월동","화성-반월동","아파트탄성코트","반월동-아파트탄성코트","탄성코트","신규","P2","https://www.barumspace.co.kr/?k=%ED%99%94%EC%84%B1-%EB%B0%98%EC%9B%94%EB%8F%99-%EC%95%84%ED%8C%8C%ED%8A%B8%ED%83%84%EC%84%B1%EC%BD%94%ED%8A%B8"
"460","경기","화성시","효행구","동","반월동","화성-반월동","탄성코트","반월동-탄성코트","탄성코트","신규","P2","https://www.barumspace.co.kr/?k=%ED%99%94%EC%84%B1-%EB%B0%98%EC%9B%94%EB%8F%99-%ED%83%84%EC%84%B1%EC%BD%94%ED%8A%B8"
"461","경기","화성시","효행구","동","반월동","화성-반월동","탄성코트시공","반월동-탄성코트시공","탄성코트","신규","P2","https://www.barumspace.co.kr/?k=%ED%99%94%EC%84%B1-%EB%B0%98%EC%9B%94%EB%8F%99-%ED%83%84%EC%84%B1%EC%BD%94%ED%8A%B8%EC%8B%9C%EA%B3%B5"
"462","경기","화성시","효행구","동","반월동","화성-반월동","탄성코트업체","반월동-탄성코트업체","탄성코트","신규","P2","https://www.barumspace.co.kr/?k=%ED%99%94%EC%84%B1-%EB%B0%98%EC%9B%94%EB%8F%99-%ED%83%84%EC%84%B1%EC%BD%94%ED%8A%B8%EC%97%85%EC%B2%B4"
"463","경기","화성시","효행구","동","병점동","병점동","베란다탄성코트","병점동-베란다탄성코트","탄성코트","신규","P2","https://www.barumspace.co.kr/?k=%EB%B3%91%EC%A0%90%EB%8F%99-%EB%B2%A0%EB%9E%80%EB%8B%A4%ED%83%84%EC%84%B1%EC%BD%94%ED%8A%B8"
"464","경기","화성시","효행구","동","병점동","병점동","세탁실탄성코트","병점동-세탁실탄성코트","탄성코트","신규","P2","https://www.barumspace.co.kr/?k=%EB%B3%91%EC%A0%90%EB%8F%99-%EC%84%B8%ED%83%81%EC%8B%A4%ED%83%84%EC%84%B1%EC%BD%94%ED%8A%B8"
"465","경기","화성시","효행구","동","병점동","병점동","아파트탄성코트","병점동-아파트탄성코트","탄성코트","신규","P2","https://www.barumspace.co.kr/?k=%EB%B3%91%EC%A0%90%EB%8F%99-%EC%95%84%ED%8C%8C%ED%8A%B8%ED%83%84%EC%84%B1%EC%BD%94%ED%8A%B8"
"466","경기","화성시","효행구","동","병점동","병점동","탄성코트","병점동-탄성코트","탄성코트","신규","P2","https://www.barumspace.co.kr/?k=%EB%B3%91%EC%A0%90%EB%8F%99-%ED%83%84%EC%84%B1%EC%BD%94%ED%8A%B8"
"467","경기","화성시","효행구","동","병점동","병점동","탄성코트시공","병점동-탄성코트시공","탄성코트","신규","P2","https://www.barumspace.co.kr/?k=%EB%B3%91%EC%A0%90%EB%8F%99-%ED%83%84%EC%84%B1%EC%BD%94%ED%8A%B8%EC%8B%9C%EA%B3%B5"
"468","경기","화성시","효행구","동","병점동","병점동","탄성코트업체","병점동-탄성코트업체","탄성코트","신규","P2","https://www.barumspace.co.kr/?k=%EB%B3%91%EC%A0%90%EB%8F%99-%ED%83%84%EC%84%B1%EC%BD%94%ED%8A%B8%EC%97%85%EC%B2%B4"
"469","경기","화성시","효행구","동","송산동","화성-송산동","베란다탄성코트","송산동-베란다탄성코트","탄성코트","신규","P2","https://www.barumspace.co.kr/?k=%ED%99%94%EC%84%B1-%EC%86%A1%EC%82%B0%EB%8F%99-%EB%B2%A0%EB%9E%80%EB%8B%A4%ED%83%84%EC%84%B1%EC%BD%94%ED%8A%B8"
"470","경기","화성시","효행구","동","송산동","화성-송산동","세탁실탄성코트","송산동-세탁실탄성코트","탄성코트","신규","P2","https://www.barumspace.co.kr/?k=%ED%99%94%EC%84%B1-%EC%86%A1%EC%82%B0%EB%8F%99-%EC%84%B8%ED%83%81%EC%8B%A4%ED%83%84%EC%84%B1%EC%BD%94%ED%8A%B8"
"471","경기","화성시","효행구","동","송산동","화성-송산동","아파트탄성코트","송산동-아파트탄성코트","탄성코트","신규","P2","https://www.barumspace.co.kr/?k=%ED%99%94%EC%84%B1-%EC%86%A1%EC%82%B0%EB%8F%99-%EC%95%84%ED%8C%8C%ED%8A%B8%ED%83%84%EC%84%B1%EC%BD%94%ED%8A%B8"
"472","경기","화성시","효행구","동","송산동","화성-송산동","탄성코트","송산동-탄성코트","탄성코트","신규","P2","https://www.barumspace.co.kr/?k=%ED%99%94%EC%84%B1-%EC%86%A1%EC%82%B0%EB%8F%99-%ED%83%84%EC%84%B1%EC%BD%94%ED%8A%B8"
"473","경기","화성시","효행구","동","송산동","화성-송산동","탄성코트시공","송산동-탄성코트시공","탄성코트","신규","P2","https://www.barumspace.co.kr/?k=%ED%99%94%EC%84%B1-%EC%86%A1%EC%82%B0%EB%8F%99-%ED%83%84%EC%84%B1%EC%BD%94%ED%8A%B8%EC%8B%9C%EA%B3%B5"
"474","경기","화성시","효행구","동","송산동","화성-송산동","탄성코트업체","송산동-탄성코트업체","탄성코트","신규","P2","https://www.barumspace.co.kr/?k=%ED%99%94%EC%84%B1-%EC%86%A1%EC%82%B0%EB%8F%99-%ED%83%84%EC%84%B1%EC%BD%94%ED%8A%B8%EC%97%85%EC%B2%B4"
"475","경기","화성시","효행구","동","진안동","진안동","베란다탄성코트","진안동-베란다탄성코트","탄성코트","신규","P2","https://www.barumspace.co.kr/?k=%EC%A7%84%EC%95%88%EB%8F%99-%EB%B2%A0%EB%9E%80%EB%8B%A4%ED%83%84%EC%84%B1%EC%BD%94%ED%8A%B8"
"476","경기","화성시","효행구","동","진안동","진안동","세탁실탄성코트","진안동-세탁실탄성코트","탄성코트","신규","P2","https://www.barumspace.co.kr/?k=%EC%A7%84%EC%95%88%EB%8F%99-%EC%84%B8%ED%83%81%EC%8B%A4%ED%83%84%EC%84%B1%EC%BD%94%ED%8A%B8"
"477","경기","화성시","효행구","동","진안동","진안동","아파트탄성코트","진안동-아파트탄성코트","탄성코트","신규","P2","https://www.barumspace.co.kr/?k=%EC%A7%84%EC%95%88%EB%8F%99-%EC%95%84%ED%8C%8C%ED%8A%B8%ED%83%84%EC%84%B1%EC%BD%94%ED%8A%B8"
"478","경기","화성시","효행구","동","진안동","진안동","탄성코트","진안동-탄성코트","탄성코트","신규","P2","https://www.barumspace.co.kr/?k=%EC%A7%84%EC%95%88%EB%8F%99-%ED%83%84%EC%84%B1%EC%BD%94%ED%8A%B8"
"479","경기","화성시","효행구","동","진안동","진안동","탄성코트시공","진안동-탄성코트시공","탄성코트","신규","P2","https://www.barumspace.co.kr/?k=%EC%A7%84%EC%95%88%EB%8F%99-%ED%83%84%EC%84%B1%EC%BD%94%ED%8A%B8%EC%8B%9C%EA%B3%B5"
"480","경기","화성시","효행구","동","진안동","진안동","탄성코트업체","진안동-탄성코트업체","탄성코트","신규","P2","https://www.barumspace.co.kr/?k=%EC%A7%84%EC%95%88%EB%8F%99-%ED%83%84%EC%84%B1%EC%BD%94%ED%8A%B8%EC%97%85%EC%B2%B4"
"481","경기","안성시","","동","가사동","가사동","베란다탄성코트","가사동-베란다탄성코트","탄성코트","신규","P3","https://www.barumspace.co.kr/?k=%EA%B0%80%EC%82%AC%EB%8F%99-%EB%B2%A0%EB%9E%80%EB%8B%A4%ED%83%84%EC%84%B1%EC%BD%94%ED%8A%B8"
"482","경기","안성시","","동","가사동","가사동","세탁실탄성코트","가사동-세탁실탄성코트","탄성코트","신규","P3","https://www.barumspace.co.kr/?k=%EA%B0%80%EC%82%AC%EB%8F%99-%EC%84%B8%ED%83%81%EC%8B%A4%ED%83%84%EC%84%B1%EC%BD%94%ED%8A%B8"
"483","경기","안성시","","동","가사동","가사동","아파트탄성코트","가사동-아파트탄성코트","탄성코트","신규","P3","https://www.barumspace.co.kr/?k=%EA%B0%80%EC%82%AC%EB%8F%99-%EC%95%84%ED%8C%8C%ED%8A%B8%ED%83%84%EC%84%B1%EC%BD%94%ED%8A%B8"
"484","경기","안성시","","동","가사동","가사동","탄성코트","가사동-탄성코트","탄성코트","신규","P3","https://www.barumspace.co.kr/?k=%EA%B0%80%EC%82%AC%EB%8F%99-%ED%83%84%EC%84%B1%EC%BD%94%ED%8A%B8"
"485","경기","안성시","","동","가사동","가사동","탄성코트시공","가사동-탄성코트시공","탄성코트","신규","P3","https://www.barumspace.co.kr/?k=%EA%B0%80%EC%82%AC%EB%8F%99-%ED%83%84%EC%84%B1%EC%BD%94%ED%8A%B8%EC%8B%9C%EA%B3%B5"
"486","경기","안성시","","동","가사동","가사동","탄성코트업체","가사동-탄성코트업체","탄성코트","신규","P3","https://www.barumspace.co.kr/?k=%EA%B0%80%EC%82%AC%EB%8F%99-%ED%83%84%EC%84%B1%EC%BD%94%ED%8A%B8%EC%97%85%EC%B2%B4"
"487","경기","안성시","","동","계동","계동","베란다탄성코트","계동-베란다탄성코트","탄성코트","신규","P3","https://www.barumspace.co.kr/?k=%EA%B3%84%EB%8F%99-%EB%B2%A0%EB%9E%80%EB%8B%A4%ED%83%84%EC%84%B1%EC%BD%94%ED%8A%B8"
"488","경기","안성시","","동","계동","계동","세탁실탄성코트","계동-세탁실탄성코트","탄성코트","신규","P3","https://www.barumspace.co.kr/?k=%EA%B3%84%EB%8F%99-%EC%84%B8%ED%83%81%EC%8B%A4%ED%83%84%EC%84%B1%EC%BD%94%ED%8A%B8"
"489","경기","안성시","","동","계동","계동","아파트탄성코트","계동-아파트탄성코트","탄성코트","신규","P3","https://www.barumspace.co.kr/?k=%EA%B3%84%EB%8F%99-%EC%95%84%ED%8C%8C%ED%8A%B8%ED%83%84%EC%84%B1%EC%BD%94%ED%8A%B8"
"490","경기","안성시","","동","계동","계동","탄성코트","계동-탄성코트","탄성코트","신규","P3","https://www.barumspace.co.kr/?k=%EA%B3%84%EB%8F%99-%ED%83%84%EC%84%B1%EC%BD%94%ED%8A%B8"
"491","경기","안성시","","동","계동","계동","탄성코트시공","계동-탄성코트시공","탄성코트","신규","P3","https://www.barumspace.co.kr/?k=%EA%B3%84%EB%8F%99-%ED%83%84%EC%84%B1%EC%BD%94%ED%8A%B8%EC%8B%9C%EA%B3%B5"
"492","경기","안성시","","동","계동","계동","탄성코트업체","계동-탄성코트업체","탄성코트","신규","P3","https://www.barumspace.co.kr/?k=%EA%B3%84%EB%8F%99-%ED%83%84%EC%84%B1%EC%BD%94%ED%8A%B8%EC%97%85%EC%B2%B4"
"493","경기","안성시","","동","구포동","구포동","베란다탄성코트","구포동-베란다탄성코트","탄성코트","신규","P3","https://www.barumspace.co.kr/?k=%EA%B5%AC%ED%8F%AC%EB%8F%99-%EB%B2%A0%EB%9E%80%EB%8B%A4%ED%83%84%EC%84%B1%EC%BD%94%ED%8A%B8"
"494","경기","안성시","","동","구포동","구포동","세탁실탄성코트","구포동-세탁실탄성코트","탄성코트","신규","P3","https://www.barumspace.co.kr/?k=%EA%B5%AC%ED%8F%AC%EB%8F%99-%EC%84%B8%ED%83%81%EC%8B%A4%ED%83%84%EC%84%B1%EC%BD%94%ED%8A%B8"
"495","경기","안성시","","동","구포동","구포동","아파트탄성코트","구포동-아파트탄성코트","탄성코트","신규","P3","https://www.barumspace.co.kr/?k=%EA%B5%AC%ED%8F%AC%EB%8F%99-%EC%95%84%ED%8C%8C%ED%8A%B8%ED%83%84%EC%84%B1%EC%BD%94%ED%8A%B8"
"496","경기","안성시","","동","구포동","구포동","탄성코트","구포동-탄성코트","탄성코트","신규","P3","https://www.barumspace.co.kr/?k=%EA%B5%AC%ED%8F%AC%EB%8F%99-%ED%83%84%EC%84%B1%EC%BD%94%ED%8A%B8"
"497","경기","안성시","","동","구포동","구포동","탄성코트시공","구포동-탄성코트시공","탄성코트","신규","P3","https://www.barumspace.co.kr/?k=%EA%B5%AC%ED%8F%AC%EB%8F%99-%ED%83%84%EC%84%B1%EC%BD%94%ED%8A%B8%EC%8B%9C%EA%B3%B5"
"498","경기","안성시","","동","구포동","구포동","탄성코트업체","구포동-탄성코트업체","탄성코트","신규","P3","https://www.barumspace.co.kr/?k=%EA%B5%AC%ED%8F%AC%EB%8F%99-%ED%83%84%EC%84%B1%EC%BD%94%ED%8A%B8%EC%97%85%EC%B2%B4"
"499","경기","안성시","","동","금석동","금석동","베란다탄성코트","금석동-베란다탄성코트","탄성코트","신규","P3","https://www.barumspace.co.kr/?k=%EA%B8%88%EC%84%9D%EB%8F%99-%EB%B2%A0%EB%9E%80%EB%8B%A4%ED%83%84%EC%84%B1%EC%BD%94%ED%8A%B8"
"500","경기","안성시","","동","금석동","금석동","세탁실탄성코트","금석동-세탁실탄성코트","탄성코트","신규","P3","https://www.barumspace.co.kr/?k=%EA%B8%88%EC%84%9D%EB%8F%99-%EC%84%B8%ED%83%81%EC%8B%A4%ED%83%84%EC%84%B1%EC%BD%94%ED%8A%B8"
"501","경기","안성시","","동","금석동","금석동","아파트탄성코트","금석동-아파트탄성코트","탄성코트","신규","P3","https://www.barumspace.co.kr/?k=%EA%B8%88%EC%84%9D%EB%8F%99-%EC%95%84%ED%8C%8C%ED%8A%B8%ED%83%84%EC%84%B1%EC%BD%94%ED%8A%B8"
"502","경기","안성시","","동","금석동","금석동","탄성코트","금석동-탄성코트","탄성코트","신규","P3","https://www.barumspace.co.kr/?k=%EA%B8%88%EC%84%9D%EB%8F%99-%ED%83%84%EC%84%B1%EC%BD%94%ED%8A%B8"
"503","경기","안성시","","동","금석동","금석동","탄성코트시공","금석동-탄성코트시공","탄성코트","신규","P3","https://www.barumspace.co.kr/?k=%EA%B8%88%EC%84%9D%EB%8F%99-%ED%83%84%EC%84%B1%EC%BD%94%ED%8A%B8%EC%8B%9C%EA%B3%B5"
"504","경기","안성시","","동","금석동","금석동","탄성코트업체","금석동-탄성코트업체","탄성코트","신규","P3","https://www.barumspace.co.kr/?k=%EA%B8%88%EC%84%9D%EB%8F%99-%ED%83%84%EC%84%B1%EC%BD%94%ED%8A%B8%EC%97%85%EC%B2%B4"
"505","경기","안성시","","동","낙원동","낙원동","베란다탄성코트","낙원동-베란다탄성코트","탄성코트","신규","P3","https://www.barumspace.co.kr/?k=%EB%82%99%EC%9B%90%EB%8F%99-%EB%B2%A0%EB%9E%80%EB%8B%A4%ED%83%84%EC%84%B1%EC%BD%94%ED%8A%B8"
"506","경기","안성시","","동","낙원동","낙원동","세탁실탄성코트","낙원동-세탁실탄성코트","탄성코트","신규","P3","https://www.barumspace.co.kr/?k=%EB%82%99%EC%9B%90%EB%8F%99-%EC%84%B8%ED%83%81%EC%8B%A4%ED%83%84%EC%84%B1%EC%BD%94%ED%8A%B8"
"507","경기","안성시","","동","낙원동","낙원동","아파트탄성코트","낙원동-아파트탄성코트","탄성코트","신규","P3","https://www.barumspace.co.kr/?k=%EB%82%99%EC%9B%90%EB%8F%99-%EC%95%84%ED%8C%8C%ED%8A%B8%ED%83%84%EC%84%B1%EC%BD%94%ED%8A%B8"
"508","경기","안성시","","동","낙원동","낙원동","탄성코트","낙원동-탄성코트","탄성코트","신규","P3","https://www.barumspace.co.kr/?k=%EB%82%99%EC%9B%90%EB%8F%99-%ED%83%84%EC%84%B1%EC%BD%94%ED%8A%B8"
"509","경기","안성시","","동","낙원동","낙원동","탄성코트시공","낙원동-탄성코트시공","탄성코트","신규","P3","https://www.barumspace.co.kr/?k=%EB%82%99%EC%9B%90%EB%8F%99-%ED%83%84%EC%84%B1%EC%BD%94%ED%8A%B8%EC%8B%9C%EA%B3%B5"
"510","경기","안성시","","동","낙원동","낙원동","탄성코트업체","낙원동-탄성코트업체","탄성코트","신규","P3","https://www.barumspace.co.kr/?k=%EB%82%99%EC%9B%90%EB%8F%99-%ED%83%84%EC%84%B1%EC%BD%94%ED%8A%B8%EC%97%85%EC%B2%B4"
"511","경기","안성시","","동","대수동","대수동","베란다탄성코트","대수동-베란다탄성코트","탄성코트","신규","P3","https://www.barumspace.co.kr/?k=%EB%8C%80%EC%88%98%EB%8F%99-%EB%B2%A0%EB%9E%80%EB%8B%A4%ED%83%84%EC%84%B1%EC%BD%94%ED%8A%B8"
"512","경기","안성시","","동","대수동","대수동","세탁실탄성코트","대수동-세탁실탄성코트","탄성코트","신규","P3","https://www.barumspace.co.kr/?k=%EB%8C%80%EC%88%98%EB%8F%99-%EC%84%B8%ED%83%81%EC%8B%A4%ED%83%84%EC%84%B1%EC%BD%94%ED%8A%B8"
"513","경기","안성시","","동","대수동","대수동","아파트탄성코트","대수동-아파트탄성코트","탄성코트","신규","P3","https://www.barumspace.co.kr/?k=%EB%8C%80%EC%88%98%EB%8F%99-%EC%95%84%ED%8C%8C%ED%8A%B8%ED%83%84%EC%84%B1%EC%BD%94%ED%8A%B8"
"514","경기","안성시","","동","대수동","대수동","탄성코트","대수동-탄성코트","탄성코트","신규","P3","https://www.barumspace.co.kr/?k=%EB%8C%80%EC%88%98%EB%8F%99-%ED%83%84%EC%84%B1%EC%BD%94%ED%8A%B8"
"515","경기","안성시","","동","대수동","대수동","탄성코트시공","대수동-탄성코트시공","탄성코트","신규","P3","https://www.barumspace.co.kr/?k=%EB%8C%80%EC%88%98%EB%8F%99-%ED%83%84%EC%84%B1%EC%BD%94%ED%8A%B8%EC%8B%9C%EA%B3%B5"
"516","경기","안성시","","동","대수동","대수동","탄성코트업체","대수동-탄성코트업체","탄성코트","신규","P3","https://www.barumspace.co.kr/?k=%EB%8C%80%EC%88%98%EB%8F%99-%ED%83%84%EC%84%B1%EC%BD%94%ED%8A%B8%EC%97%85%EC%B2%B4"
"517","경기","안성시","","동","도기동","도기동","베란다탄성코트","도기동-베란다탄성코트","탄성코트","신규","P3","https://www.barumspace.co.kr/?k=%EB%8F%84%EA%B8%B0%EB%8F%99-%EB%B2%A0%EB%9E%80%EB%8B%A4%ED%83%84%EC%84%B1%EC%BD%94%ED%8A%B8"
"518","경기","안성시","","동","도기동","도기동","세탁실탄성코트","도기동-세탁실탄성코트","탄성코트","신규","P3","https://www.barumspace.co.kr/?k=%EB%8F%84%EA%B8%B0%EB%8F%99-%EC%84%B8%ED%83%81%EC%8B%A4%ED%83%84%EC%84%B1%EC%BD%94%ED%8A%B8"
"519","경기","안성시","","동","도기동","도기동","아파트탄성코트","도기동-아파트탄성코트","탄성코트","신규","P3","https://www.barumspace.co.kr/?k=%EB%8F%84%EA%B8%B0%EB%8F%99-%EC%95%84%ED%8C%8C%ED%8A%B8%ED%83%84%EC%84%B1%EC%BD%94%ED%8A%B8"
"520","경기","안성시","","동","도기동","도기동","탄성코트","도기동-탄성코트","탄성코트","신규","P3","https://www.barumspace.co.kr/?k=%EB%8F%84%EA%B8%B0%EB%8F%99-%ED%83%84%EC%84%B1%EC%BD%94%ED%8A%B8"
"521","경기","안성시","","동","도기동","도기동","탄성코트시공","도기동-탄성코트시공","탄성코트","신규","P3","https://www.barumspace.co.kr/?k=%EB%8F%84%EA%B8%B0%EB%8F%99-%ED%83%84%EC%84%B1%EC%BD%94%ED%8A%B8%EC%8B%9C%EA%B3%B5"
"522","경기","안성시","","동","도기동","도기동","탄성코트업체","도기동-탄성코트업체","탄성코트","신규","P3","https://www.barumspace.co.kr/?k=%EB%8F%84%EA%B8%B0%EB%8F%99-%ED%83%84%EC%84%B1%EC%BD%94%ED%8A%B8%EC%97%85%EC%B2%B4"
"523","경기","안성시","","동","동본동","동본동","베란다탄성코트","동본동-베란다탄성코트","탄성코트","신규","P3","https://www.barumspace.co.kr/?k=%EB%8F%99%EB%B3%B8%EB%8F%99-%EB%B2%A0%EB%9E%80%EB%8B%A4%ED%83%84%EC%84%B1%EC%BD%94%ED%8A%B8"
"524","경기","안성시","","동","동본동","동본동","세탁실탄성코트","동본동-세탁실탄성코트","탄성코트","신규","P3","https://www.barumspace.co.kr/?k=%EB%8F%99%EB%B3%B8%EB%8F%99-%EC%84%B8%ED%83%81%EC%8B%A4%ED%83%84%EC%84%B1%EC%BD%94%ED%8A%B8"
"525","경기","안성시","","동","동본동","동본동","아파트탄성코트","동본동-아파트탄성코트","탄성코트","신규","P3","https://www.barumspace.co.kr/?k=%EB%8F%99%EB%B3%B8%EB%8F%99-%EC%95%84%ED%8C%8C%ED%8A%B8%ED%83%84%EC%84%B1%EC%BD%94%ED%8A%B8"
"526","경기","안성시","","동","동본동","동본동","탄성코트","동본동-탄성코트","탄성코트","신규","P3","https://www.barumspace.co.kr/?k=%EB%8F%99%EB%B3%B8%EB%8F%99-%ED%83%84%EC%84%B1%EC%BD%94%ED%8A%B8"
"527","경기","안성시","","동","동본동","동본동","탄성코트시공","동본동-탄성코트시공","탄성코트","신규","P3","https://www.barumspace.co.kr/?k=%EB%8F%99%EB%B3%B8%EB%8F%99-%ED%83%84%EC%84%B1%EC%BD%94%ED%8A%B8%EC%8B%9C%EA%B3%B5"
"528","경기","안성시","","동","동본동","동본동","탄성코트업체","동본동-탄성코트업체","탄성코트","신규","P3","https://www.barumspace.co.kr/?k=%EB%8F%99%EB%B3%B8%EB%8F%99-%ED%83%84%EC%84%B1%EC%BD%94%ED%8A%B8%EC%97%85%EC%B2%B4"
"529","경기","안성시","","동","명륜동","명륜동","베란다탄성코트","명륜동-베란다탄성코트","탄성코트","신규","P3","https://www.barumspace.co.kr/?k=%EB%AA%85%EB%A5%9C%EB%8F%99-%EB%B2%A0%EB%9E%80%EB%8B%A4%ED%83%84%EC%84%B1%EC%BD%94%ED%8A%B8"
"530","경기","안성시","","동","명륜동","명륜동","세탁실탄성코트","명륜동-세탁실탄성코트","탄성코트","신규","P3","https://www.barumspace.co.kr/?k=%EB%AA%85%EB%A5%9C%EB%8F%99-%EC%84%B8%ED%83%81%EC%8B%A4%ED%83%84%EC%84%B1%EC%BD%94%ED%8A%B8"
"531","경기","안성시","","동","명륜동","명륜동","아파트탄성코트","명륜동-아파트탄성코트","탄성코트","신규","P3","https://www.barumspace.co.kr/?k=%EB%AA%85%EB%A5%9C%EB%8F%99-%EC%95%84%ED%8C%8C%ED%8A%B8%ED%83%84%EC%84%B1%EC%BD%94%ED%8A%B8"
"532","경기","안성시","","동","명륜동","명륜동","탄성코트","명륜동-탄성코트","탄성코트","신규","P3","https://www.barumspace.co.kr/?k=%EB%AA%85%EB%A5%9C%EB%8F%99-%ED%83%84%EC%84%B1%EC%BD%94%ED%8A%B8"
"533","경기","안성시","","동","명륜동","명륜동","탄성코트시공","명륜동-탄성코트시공","탄성코트","신규","P3","https://www.barumspace.co.kr/?k=%EB%AA%85%EB%A5%9C%EB%8F%99-%ED%83%84%EC%84%B1%EC%BD%94%ED%8A%B8%EC%8B%9C%EA%B3%B5"
"534","경기","안성시","","동","명륜동","명륜동","탄성코트업체","명륜동-탄성코트업체","탄성코트","신규","P3","https://www.barumspace.co.kr/?k=%EB%AA%85%EB%A5%9C%EB%8F%99-%ED%83%84%EC%84%B1%EC%BD%94%ED%8A%B8%EC%97%85%EC%B2%B4"
"535","경기","안성시","","동","발화동","발화동","베란다탄성코트","발화동-베란다탄성코트","탄성코트","신규","P3","https://www.barumspace.co.kr/?k=%EB%B0%9C%ED%99%94%EB%8F%99-%EB%B2%A0%EB%9E%80%EB%8B%A4%ED%83%84%EC%84%B1%EC%BD%94%ED%8A%B8"
"536","경기","안성시","","동","발화동","발화동","세탁실탄성코트","발화동-세탁실탄성코트","탄성코트","신규","P3","https://www.barumspace.co.kr/?k=%EB%B0%9C%ED%99%94%EB%8F%99-%EC%84%B8%ED%83%81%EC%8B%A4%ED%83%84%EC%84%B1%EC%BD%94%ED%8A%B8"
"537","경기","안성시","","동","발화동","발화동","아파트탄성코트","발화동-아파트탄성코트","탄성코트","신규","P3","https://www.barumspace.co.kr/?k=%EB%B0%9C%ED%99%94%EB%8F%99-%EC%95%84%ED%8C%8C%ED%8A%B8%ED%83%84%EC%84%B1%EC%BD%94%ED%8A%B8"
"538","경기","안성시","","동","발화동","발화동","탄성코트","발화동-탄성코트","탄성코트","신규","P3","https://www.barumspace.co.kr/?k=%EB%B0%9C%ED%99%94%EB%8F%99-%ED%83%84%EC%84%B1%EC%BD%94%ED%8A%B8"
"539","경기","안성시","","동","발화동","발화동","탄성코트시공","발화동-탄성코트시공","탄성코트","신규","P3","https://www.barumspace.co.kr/?k=%EB%B0%9C%ED%99%94%EB%8F%99-%ED%83%84%EC%84%B1%EC%BD%94%ED%8A%B8%EC%8B%9C%EA%B3%B5"
"540","경기","안성시","","동","발화동","발화동","탄성코트업체","발화동-탄성코트업체","탄성코트","신규","P3","https://www.barumspace.co.kr/?k=%EB%B0%9C%ED%99%94%EB%8F%99-%ED%83%84%EC%84%B1%EC%BD%94%ED%8A%B8%EC%97%85%EC%B2%B4"
"541","경기","안성시","","동","봉남동","봉남동","베란다탄성코트","봉남동-베란다탄성코트","탄성코트","신규","P3","https://www.barumspace.co.kr/?k=%EB%B4%89%EB%82%A8%EB%8F%99-%EB%B2%A0%EB%9E%80%EB%8B%A4%ED%83%84%EC%84%B1%EC%BD%94%ED%8A%B8"
"542","경기","안성시","","동","봉남동","봉남동","세탁실탄성코트","봉남동-세탁실탄성코트","탄성코트","신규","P3","https://www.barumspace.co.kr/?k=%EB%B4%89%EB%82%A8%EB%8F%99-%EC%84%B8%ED%83%81%EC%8B%A4%ED%83%84%EC%84%B1%EC%BD%94%ED%8A%B8"
"543","경기","안성시","","동","봉남동","봉남동","아파트탄성코트","봉남동-아파트탄성코트","탄성코트","신규","P3","https://www.barumspace.co.kr/?k=%EB%B4%89%EB%82%A8%EB%8F%99-%EC%95%84%ED%8C%8C%ED%8A%B8%ED%83%84%EC%84%B1%EC%BD%94%ED%8A%B8"
"544","경기","안성시","","동","봉남동","봉남동","탄성코트","봉남동-탄성코트","탄성코트","신규","P3","https://www.barumspace.co.kr/?k=%EB%B4%89%EB%82%A8%EB%8F%99-%ED%83%84%EC%84%B1%EC%BD%94%ED%8A%B8"
"545","경기","안성시","","동","봉남동","봉남동","탄성코트시공","봉남동-탄성코트시공","탄성코트","신규","P3","https://www.barumspace.co.kr/?k=%EB%B4%89%EB%82%A8%EB%8F%99-%ED%83%84%EC%84%B1%EC%BD%94%ED%8A%B8%EC%8B%9C%EA%B3%B5"
"546","경기","안성시","","동","봉남동","봉남동","탄성코트업체","봉남동-탄성코트업체","탄성코트","신규","P3","https://www.barumspace.co.kr/?k=%EB%B4%89%EB%82%A8%EB%8F%99-%ED%83%84%EC%84%B1%EC%BD%94%ED%8A%B8%EC%97%85%EC%B2%B4"
"547","경기","안성시","","동","봉산동","봉산동","베란다탄성코트","봉산동-베란다탄성코트","탄성코트","신규","P3","https://www.barumspace.co.kr/?k=%EB%B4%89%EC%82%B0%EB%8F%99-%EB%B2%A0%EB%9E%80%EB%8B%A4%ED%83%84%EC%84%B1%EC%BD%94%ED%8A%B8"
"548","경기","안성시","","동","봉산동","봉산동","세탁실탄성코트","봉산동-세탁실탄성코트","탄성코트","신규","P3","https://www.barumspace.co.kr/?k=%EB%B4%89%EC%82%B0%EB%8F%99-%EC%84%B8%ED%83%81%EC%8B%A4%ED%83%84%EC%84%B1%EC%BD%94%ED%8A%B8"
"549","경기","안성시","","동","봉산동","봉산동","아파트탄성코트","봉산동-아파트탄성코트","탄성코트","신규","P3","https://www.barumspace.co.kr/?k=%EB%B4%89%EC%82%B0%EB%8F%99-%EC%95%84%ED%8C%8C%ED%8A%B8%ED%83%84%EC%84%B1%EC%BD%94%ED%8A%B8"
"550","경기","안성시","","동","봉산동","봉산동","탄성코트","봉산동-탄성코트","탄성코트","신규","P3","https://www.barumspace.co.kr/?k=%EB%B4%89%EC%82%B0%EB%8F%99-%ED%83%84%EC%84%B1%EC%BD%94%ED%8A%B8"
"551","경기","안성시","","동","봉산동","봉산동","탄성코트시공","봉산동-탄성코트시공","탄성코트","신규","P3","https://www.barumspace.co.kr/?k=%EB%B4%89%EC%82%B0%EB%8F%99-%ED%83%84%EC%84%B1%EC%BD%94%ED%8A%B8%EC%8B%9C%EA%B3%B5"
"552","경기","안성시","","동","봉산동","봉산동","탄성코트업체","봉산동-탄성코트업체","탄성코트","신규","P3","https://www.barumspace.co.kr/?k=%EB%B4%89%EC%82%B0%EB%8F%99-%ED%83%84%EC%84%B1%EC%BD%94%ED%8A%B8%EC%97%85%EC%B2%B4"
"553","경기","안성시","","동","사곡동","사곡동","베란다탄성코트","사곡동-베란다탄성코트","탄성코트","신규","P3","https://www.barumspace.co.kr/?k=%EC%82%AC%EA%B3%A1%EB%8F%99-%EB%B2%A0%EB%9E%80%EB%8B%A4%ED%83%84%EC%84%B1%EC%BD%94%ED%8A%B8"
"554","경기","안성시","","동","사곡동","사곡동","세탁실탄성코트","사곡동-세탁실탄성코트","탄성코트","신규","P3","https://www.barumspace.co.kr/?k=%EC%82%AC%EA%B3%A1%EB%8F%99-%EC%84%B8%ED%83%81%EC%8B%A4%ED%83%84%EC%84%B1%EC%BD%94%ED%8A%B8"
"555","경기","안성시","","동","사곡동","사곡동","아파트탄성코트","사곡동-아파트탄성코트","탄성코트","신규","P3","https://www.barumspace.co.kr/?k=%EC%82%AC%EA%B3%A1%EB%8F%99-%EC%95%84%ED%8C%8C%ED%8A%B8%ED%83%84%EC%84%B1%EC%BD%94%ED%8A%B8"
"556","경기","안성시","","동","사곡동","사곡동","탄성코트","사곡동-탄성코트","탄성코트","신규","P3","https://www.barumspace.co.kr/?k=%EC%82%AC%EA%B3%A1%EB%8F%99-%ED%83%84%EC%84%B1%EC%BD%94%ED%8A%B8"
"557","경기","안성시","","동","사곡동","사곡동","탄성코트시공","사곡동-탄성코트시공","탄성코트","신규","P3","https://www.barumspace.co.kr/?k=%EC%82%AC%EA%B3%A1%EB%8F%99-%ED%83%84%EC%84%B1%EC%BD%94%ED%8A%B8%EC%8B%9C%EA%B3%B5"
"558","경기","안성시","","동","사곡동","사곡동","탄성코트업체","사곡동-탄성코트업체","탄성코트","신규","P3","https://www.barumspace.co.kr/?k=%EC%82%AC%EA%B3%A1%EB%8F%99-%ED%83%84%EC%84%B1%EC%BD%94%ED%8A%B8%EC%97%85%EC%B2%B4"
"559","경기","안성시","","동","서인동","서인동","베란다탄성코트","서인동-베란다탄성코트","탄성코트","신규","P3","https://www.barumspace.co.kr/?k=%EC%84%9C%EC%9D%B8%EB%8F%99-%EB%B2%A0%EB%9E%80%EB%8B%A4%ED%83%84%EC%84%B1%EC%BD%94%ED%8A%B8"
"560","경기","안성시","","동","서인동","서인동","세탁실탄성코트","서인동-세탁실탄성코트","탄성코트","신규","P3","https://www.barumspace.co.kr/?k=%EC%84%9C%EC%9D%B8%EB%8F%99-%EC%84%B8%ED%83%81%EC%8B%A4%ED%83%84%EC%84%B1%EC%BD%94%ED%8A%B8"
"561","경기","안성시","","동","서인동","서인동","아파트탄성코트","서인동-아파트탄성코트","탄성코트","신규","P3","https://www.barumspace.co.kr/?k=%EC%84%9C%EC%9D%B8%EB%8F%99-%EC%95%84%ED%8C%8C%ED%8A%B8%ED%83%84%EC%84%B1%EC%BD%94%ED%8A%B8"
"562","경기","안성시","","동","서인동","서인동","탄성코트","서인동-탄성코트","탄성코트","신규","P3","https://www.barumspace.co.kr/?k=%EC%84%9C%EC%9D%B8%EB%8F%99-%ED%83%84%EC%84%B1%EC%BD%94%ED%8A%B8"
"563","경기","안성시","","동","서인동","서인동","탄성코트시공","서인동-탄성코트시공","탄성코트","신규","P3","https://www.barumspace.co.kr/?k=%EC%84%9C%EC%9D%B8%EB%8F%99-%ED%83%84%EC%84%B1%EC%BD%94%ED%8A%B8%EC%8B%9C%EA%B3%B5"
"564","경기","안성시","","동","서인동","서인동","탄성코트업체","서인동-탄성코트업체","탄성코트","신규","P3","https://www.barumspace.co.kr/?k=%EC%84%9C%EC%9D%B8%EB%8F%99-%ED%83%84%EC%84%B1%EC%BD%94%ED%8A%B8%EC%97%85%EC%B2%B4"
"565","경기","안성시","","동","신건지동","신건지동","베란다탄성코트","신건지동-베란다탄성코트","탄성코트","신규","P3","https://www.barumspace.co.kr/?k=%EC%8B%A0%EA%B1%B4%EC%A7%80%EB%8F%99-%EB%B2%A0%EB%9E%80%EB%8B%A4%ED%83%84%EC%84%B1%EC%BD%94%ED%8A%B8"
"566","경기","안성시","","동","신건지동","신건지동","세탁실탄성코트","신건지동-세탁실탄성코트","탄성코트","신규","P3","https://www.barumspace.co.kr/?k=%EC%8B%A0%EA%B1%B4%EC%A7%80%EB%8F%99-%EC%84%B8%ED%83%81%EC%8B%A4%ED%83%84%EC%84%B1%EC%BD%94%ED%8A%B8"
"567","경기","안성시","","동","신건지동","신건지동","아파트탄성코트","신건지동-아파트탄성코트","탄성코트","신규","P3","https://www.barumspace.co.kr/?k=%EC%8B%A0%EA%B1%B4%EC%A7%80%EB%8F%99-%EC%95%84%ED%8C%8C%ED%8A%B8%ED%83%84%EC%84%B1%EC%BD%94%ED%8A%B8"
"568","경기","안성시","","동","신건지동","신건지동","탄성코트","신건지동-탄성코트","탄성코트","신규","P3","https://www.barumspace.co.kr/?k=%EC%8B%A0%EA%B1%B4%EC%A7%80%EB%8F%99-%ED%83%84%EC%84%B1%EC%BD%94%ED%8A%B8"
"569","경기","안성시","","동","신건지동","신건지동","탄성코트시공","신건지동-탄성코트시공","탄성코트","신규","P3","https://www.barumspace.co.kr/?k=%EC%8B%A0%EA%B1%B4%EC%A7%80%EB%8F%99-%ED%83%84%EC%84%B1%EC%BD%94%ED%8A%B8%EC%8B%9C%EA%B3%B5"
"570","경기","안성시","","동","신건지동","신건지동","탄성코트업체","신건지동-탄성코트업체","탄성코트","신규","P3","https://www.barumspace.co.kr/?k=%EC%8B%A0%EA%B1%B4%EC%A7%80%EB%8F%99-%ED%83%84%EC%84%B1%EC%BD%94%ED%8A%B8%EC%97%85%EC%B2%B4"
"571","경기","안성시","","동","신소현동","신소현동","베란다탄성코트","신소현동-베란다탄성코트","탄성코트","신규","P3","https://www.barumspace.co.kr/?k=%EC%8B%A0%EC%86%8C%ED%98%84%EB%8F%99-%EB%B2%A0%EB%9E%80%EB%8B%A4%ED%83%84%EC%84%B1%EC%BD%94%ED%8A%B8"
"572","경기","안성시","","동","신소현동","신소현동","세탁실탄성코트","신소현동-세탁실탄성코트","탄성코트","신규","P3","https://www.barumspace.co.kr/?k=%EC%8B%A0%EC%86%8C%ED%98%84%EB%8F%99-%EC%84%B8%ED%83%81%EC%8B%A4%ED%83%84%EC%84%B1%EC%BD%94%ED%8A%B8"
"573","경기","안성시","","동","신소현동","신소현동","아파트탄성코트","신소현동-아파트탄성코트","탄성코트","신규","P3","https://www.barumspace.co.kr/?k=%EC%8B%A0%EC%86%8C%ED%98%84%EB%8F%99-%EC%95%84%ED%8C%8C%ED%8A%B8%ED%83%84%EC%84%B1%EC%BD%94%ED%8A%B8"
"574","경기","안성시","","동","신소현동","신소현동","탄성코트","신소현동-탄성코트","탄성코트","신규","P3","https://www.barumspace.co.kr/?k=%EC%8B%A0%EC%86%8C%ED%98%84%EB%8F%99-%ED%83%84%EC%84%B1%EC%BD%94%ED%8A%B8"
"575","경기","안성시","","동","신소현동","신소현동","탄성코트시공","신소현동-탄성코트시공","탄성코트","신규","P3","https://www.barumspace.co.kr/?k=%EC%8B%A0%EC%86%8C%ED%98%84%EB%8F%99-%ED%83%84%EC%84%B1%EC%BD%94%ED%8A%B8%EC%8B%9C%EA%B3%B5"
"576","경기","안성시","","동","신소현동","신소현동","탄성코트업체","신소현동-탄성코트업체","탄성코트","신규","P3","https://www.barumspace.co.kr/?k=%EC%8B%A0%EC%86%8C%ED%98%84%EB%8F%99-%ED%83%84%EC%84%B1%EC%BD%94%ED%8A%B8%EC%97%85%EC%B2%B4"
"577","경기","안성시","","동","신양복동","신양복동","베란다탄성코트","신양복동-베란다탄성코트","탄성코트","신규","P3","https://www.barumspace.co.kr/?k=%EC%8B%A0%EC%96%91%EB%B3%B5%EB%8F%99-%EB%B2%A0%EB%9E%80%EB%8B%A4%ED%83%84%EC%84%B1%EC%BD%94%ED%8A%B8"
"578","경기","안성시","","동","신양복동","신양복동","세탁실탄성코트","신양복동-세탁실탄성코트","탄성코트","신규","P3","https://www.barumspace.co.kr/?k=%EC%8B%A0%EC%96%91%EB%B3%B5%EB%8F%99-%EC%84%B8%ED%83%81%EC%8B%A4%ED%83%84%EC%84%B1%EC%BD%94%ED%8A%B8"
"579","경기","안성시","","동","신양복동","신양복동","아파트탄성코트","신양복동-아파트탄성코트","탄성코트","신규","P3","https://www.barumspace.co.kr/?k=%EC%8B%A0%EC%96%91%EB%B3%B5%EB%8F%99-%EC%95%84%ED%8C%8C%ED%8A%B8%ED%83%84%EC%84%B1%EC%BD%94%ED%8A%B8"
"580","경기","안성시","","동","신양복동","신양복동","탄성코트","신양복동-탄성코트","탄성코트","신규","P3","https://www.barumspace.co.kr/?k=%EC%8B%A0%EC%96%91%EB%B3%B5%EB%8F%99-%ED%83%84%EC%84%B1%EC%BD%94%ED%8A%B8"
"581","경기","안성시","","동","신양복동","신양복동","탄성코트시공","신양복동-탄성코트시공","탄성코트","신규","P3","https://www.barumspace.co.kr/?k=%EC%8B%A0%EC%96%91%EB%B3%B5%EB%8F%99-%ED%83%84%EC%84%B1%EC%BD%94%ED%8A%B8%EC%8B%9C%EA%B3%B5"
"582","경기","안성시","","동","신양복동","신양복동","탄성코트업체","신양복동-탄성코트업체","탄성코트","신규","P3","https://www.barumspace.co.kr/?k=%EC%8B%A0%EC%96%91%EB%B3%B5%EB%8F%99-%ED%83%84%EC%84%B1%EC%BD%94%ED%8A%B8%EC%97%85%EC%B2%B4"
"583","경기","안성시","","동","알미동","알미동","베란다탄성코트","알미동-베란다탄성코트","탄성코트","신규","P3","https://www.barumspace.co.kr/?k=%EC%95%8C%EB%AF%B8%EB%8F%99-%EB%B2%A0%EB%9E%80%EB%8B%A4%ED%83%84%EC%84%B1%EC%BD%94%ED%8A%B8"
"584","경기","안성시","","동","알미동","알미동","세탁실탄성코트","알미동-세탁실탄성코트","탄성코트","신규","P3","https://www.barumspace.co.kr/?k=%EC%95%8C%EB%AF%B8%EB%8F%99-%EC%84%B8%ED%83%81%EC%8B%A4%ED%83%84%EC%84%B1%EC%BD%94%ED%8A%B8"
"585","경기","안성시","","동","알미동","알미동","아파트탄성코트","알미동-아파트탄성코트","탄성코트","신규","P3","https://www.barumspace.co.kr/?k=%EC%95%8C%EB%AF%B8%EB%8F%99-%EC%95%84%ED%8C%8C%ED%8A%B8%ED%83%84%EC%84%B1%EC%BD%94%ED%8A%B8"
"586","경기","안성시","","동","알미동","알미동","탄성코트","알미동-탄성코트","탄성코트","신규","P3","https://www.barumspace.co.kr/?k=%EC%95%8C%EB%AF%B8%EB%8F%99-%ED%83%84%EC%84%B1%EC%BD%94%ED%8A%B8"
"587","경기","안성시","","동","알미동","알미동","탄성코트시공","알미동-탄성코트시공","탄성코트","신규","P3","https://www.barumspace.co.kr/?k=%EC%95%8C%EB%AF%B8%EB%8F%99-%ED%83%84%EC%84%B1%EC%BD%94%ED%8A%B8%EC%8B%9C%EA%B3%B5"
"588","경기","안성시","","동","알미동","알미동","탄성코트업체","알미동-탄성코트업체","탄성코트","신규","P3","https://www.barumspace.co.kr/?k=%EC%95%8C%EB%AF%B8%EB%8F%99-%ED%83%84%EC%84%B1%EC%BD%94%ED%8A%B8%EC%97%85%EC%B2%B4"
"589","경기","안성시","","동","옥천동","옥천동","베란다탄성코트","옥천동-베란다탄성코트","탄성코트","신규","P3","https://www.barumspace.co.kr/?k=%EC%98%A5%EC%B2%9C%EB%8F%99-%EB%B2%A0%EB%9E%80%EB%8B%A4%ED%83%84%EC%84%B1%EC%BD%94%ED%8A%B8"
"590","경기","안성시","","동","옥천동","옥천동","세탁실탄성코트","옥천동-세탁실탄성코트","탄성코트","신규","P3","https://www.barumspace.co.kr/?k=%EC%98%A5%EC%B2%9C%EB%8F%99-%EC%84%B8%ED%83%81%EC%8B%A4%ED%83%84%EC%84%B1%EC%BD%94%ED%8A%B8"
"591","경기","안성시","","동","옥천동","옥천동","아파트탄성코트","옥천동-아파트탄성코트","탄성코트","신규","P3","https://www.barumspace.co.kr/?k=%EC%98%A5%EC%B2%9C%EB%8F%99-%EC%95%84%ED%8C%8C%ED%8A%B8%ED%83%84%EC%84%B1%EC%BD%94%ED%8A%B8"
"592","경기","안성시","","동","옥천동","옥천동","탄성코트","옥천동-탄성코트","탄성코트","신규","P3","https://www.barumspace.co.kr/?k=%EC%98%A5%EC%B2%9C%EB%8F%99-%ED%83%84%EC%84%B1%EC%BD%94%ED%8A%B8"
"593","경기","안성시","","동","옥천동","옥천동","탄성코트시공","옥천동-탄성코트시공","탄성코트","신규","P3","https://www.barumspace.co.kr/?k=%EC%98%A5%EC%B2%9C%EB%8F%99-%ED%83%84%EC%84%B1%EC%BD%94%ED%8A%B8%EC%8B%9C%EA%B3%B5"
"594","경기","안성시","","동","옥천동","옥천동","탄성코트업체","옥천동-탄성코트업체","탄성코트","신규","P3","https://www.barumspace.co.kr/?k=%EC%98%A5%EC%B2%9C%EB%8F%99-%ED%83%84%EC%84%B1%EC%BD%94%ED%8A%B8%EC%97%85%EC%B2%B4"
"595","경기","안성시","","동","인지동","인지동","베란다탄성코트","인지동-베란다탄성코트","탄성코트","신규","P3","https://www.barumspace.co.kr/?k=%EC%9D%B8%EC%A7%80%EB%8F%99-%EB%B2%A0%EB%9E%80%EB%8B%A4%ED%83%84%EC%84%B1%EC%BD%94%ED%8A%B8"
"596","경기","안성시","","동","인지동","인지동","세탁실탄성코트","인지동-세탁실탄성코트","탄성코트","신규","P3","https://www.barumspace.co.kr/?k=%EC%9D%B8%EC%A7%80%EB%8F%99-%EC%84%B8%ED%83%81%EC%8B%A4%ED%83%84%EC%84%B1%EC%BD%94%ED%8A%B8"
"597","경기","안성시","","동","인지동","인지동","아파트탄성코트","인지동-아파트탄성코트","탄성코트","신규","P3","https://www.barumspace.co.kr/?k=%EC%9D%B8%EC%A7%80%EB%8F%99-%EC%95%84%ED%8C%8C%ED%8A%B8%ED%83%84%EC%84%B1%EC%BD%94%ED%8A%B8"
"598","경기","안성시","","동","인지동","인지동","탄성코트","인지동-탄성코트","탄성코트","신규","P3","https://www.barumspace.co.kr/?k=%EC%9D%B8%EC%A7%80%EB%8F%99-%ED%83%84%EC%84%B1%EC%BD%94%ED%8A%B8"
"599","경기","안성시","","동","인지동","인지동","탄성코트시공","인지동-탄성코트시공","탄성코트","신규","P3","https://www.barumspace.co.kr/?k=%EC%9D%B8%EC%A7%80%EB%8F%99-%ED%83%84%EC%84%B1%EC%BD%94%ED%8A%B8%EC%8B%9C%EA%B3%B5"
"600","경기","안성시","","동","인지동","인지동","탄성코트업체","인지동-탄성코트업체","탄성코트","신규","P3","https://www.barumspace.co.kr/?k=%EC%9D%B8%EC%A7%80%EB%8F%99-%ED%83%84%EC%84%B1%EC%BD%94%ED%8A%B8%EC%97%85%EC%B2%B4"
"601","경기","안성시","","동","현수동","현수동","베란다탄성코트","현수동-베란다탄성코트","탄성코트","신규","P3","https://www.barumspace.co.kr/?k=%ED%98%84%EC%88%98%EB%8F%99-%EB%B2%A0%EB%9E%80%EB%8B%A4%ED%83%84%EC%84%B1%EC%BD%94%ED%8A%B8"
"602","경기","안성시","","동","현수동","현수동","세탁실탄성코트","현수동-세탁실탄성코트","탄성코트","신규","P3","https://www.barumspace.co.kr/?k=%ED%98%84%EC%88%98%EB%8F%99-%EC%84%B8%ED%83%81%EC%8B%A4%ED%83%84%EC%84%B1%EC%BD%94%ED%8A%B8"
"603","경기","안성시","","동","현수동","현수동","아파트탄성코트","현수동-아파트탄성코트","탄성코트","신규","P3","https://www.barumspace.co.kr/?k=%ED%98%84%EC%88%98%EB%8F%99-%EC%95%84%ED%8C%8C%ED%8A%B8%ED%83%84%EC%84%B1%EC%BD%94%ED%8A%B8"
"604","경기","안성시","","동","현수동","현수동","탄성코트","현수동-탄성코트","탄성코트","신규","P3","https://www.barumspace.co.kr/?k=%ED%98%84%EC%88%98%EB%8F%99-%ED%83%84%EC%84%B1%EC%BD%94%ED%8A%B8"
"605","경기","안성시","","동","현수동","현수동","탄성코트시공","현수동-탄성코트시공","탄성코트","신규","P3","https://www.barumspace.co.kr/?k=%ED%98%84%EC%88%98%EB%8F%99-%ED%83%84%EC%84%B1%EC%BD%94%ED%8A%B8%EC%8B%9C%EA%B3%B5"
"606","경기","안성시","","동","현수동","현수동","탄성코트업체","현수동-탄성코트업체","탄성코트","신규","P3","https://www.barumspace.co.kr/?k=%ED%98%84%EC%88%98%EB%8F%99-%ED%83%84%EC%84%B1%EC%BD%94%ED%8A%B8%EC%97%85%EC%B2%B4"
"607","경기","안성시","","동","현지동","현지동","베란다탄성코트","현지동-베란다탄성코트","탄성코트","신규","P3","https://www.barumspace.co.kr/?k=%ED%98%84%EC%A7%80%EB%8F%99-%EB%B2%A0%EB%9E%80%EB%8B%A4%ED%83%84%EC%84%B1%EC%BD%94%ED%8A%B8"
"608","경기","안성시","","동","현지동","현지동","세탁실탄성코트","현지동-세탁실탄성코트","탄성코트","신규","P3","https://www.barumspace.co.kr/?k=%ED%98%84%EC%A7%80%EB%8F%99-%EC%84%B8%ED%83%81%EC%8B%A4%ED%83%84%EC%84%B1%EC%BD%94%ED%8A%B8"
"609","경기","안성시","","동","현지동","현지동","아파트탄성코트","현지동-아파트탄성코트","탄성코트","신규","P3","https://www.barumspace.co.kr/?k=%ED%98%84%EC%A7%80%EB%8F%99-%EC%95%84%ED%8C%8C%ED%8A%B8%ED%83%84%EC%84%B1%EC%BD%94%ED%8A%B8"
"610","경기","안성시","","동","현지동","현지동","탄성코트","현지동-탄성코트","탄성코트","신규","P3","https://www.barumspace.co.kr/?k=%ED%98%84%EC%A7%80%EB%8F%99-%ED%83%84%EC%84%B1%EC%BD%94%ED%8A%B8"
"611","경기","안성시","","동","현지동","현지동","탄성코트시공","현지동-탄성코트시공","탄성코트","신규","P3","https://www.barumspace.co.kr/?k=%ED%98%84%EC%A7%80%EB%8F%99-%ED%83%84%EC%84%B1%EC%BD%94%ED%8A%B8%EC%8B%9C%EA%B3%B5"
"612","경기","안성시","","동","현지동","현지동","탄성코트업체","현지동-탄성코트업체","탄성코트","신규","P3","https://www.barumspace.co.kr/?k=%ED%98%84%EC%A7%80%EB%8F%99-%ED%83%84%EC%84%B1%EC%BD%94%ED%8A%B8%EC%97%85%EC%B2%B4"
"613","경기","오산시","","동","가수동","가수동","베란다탄성코트","가수동-베란다탄성코트","탄성코트","오산 Pilot","P3","https://www.barumspace.co.kr/?k=%EA%B0%80%EC%88%98%EB%8F%99-%EB%B2%A0%EB%9E%80%EB%8B%A4%ED%83%84%EC%84%B1%EC%BD%94%ED%8A%B8"
"614","경기","오산시","","동","가수동","가수동","세탁실탄성코트","가수동-세탁실탄성코트","탄성코트","오산 Pilot","P3","https://www.barumspace.co.kr/?k=%EA%B0%80%EC%88%98%EB%8F%99-%EC%84%B8%ED%83%81%EC%8B%A4%ED%83%84%EC%84%B1%EC%BD%94%ED%8A%B8"
"615","경기","오산시","","동","가수동","가수동","아파트탄성코트","가수동-아파트탄성코트","탄성코트","오산 Pilot","P3","https://www.barumspace.co.kr/?k=%EA%B0%80%EC%88%98%EB%8F%99-%EC%95%84%ED%8C%8C%ED%8A%B8%ED%83%84%EC%84%B1%EC%BD%94%ED%8A%B8"
"616","경기","오산시","","동","가수동","가수동","탄성코트","가수동-탄성코트","탄성코트","오산 Pilot","P3","https://www.barumspace.co.kr/?k=%EA%B0%80%EC%88%98%EB%8F%99-%ED%83%84%EC%84%B1%EC%BD%94%ED%8A%B8"
"617","경기","오산시","","동","가수동","가수동","탄성코트시공","가수동-탄성코트시공","탄성코트","오산 Pilot","P3","https://www.barumspace.co.kr/?k=%EA%B0%80%EC%88%98%EB%8F%99-%ED%83%84%EC%84%B1%EC%BD%94%ED%8A%B8%EC%8B%9C%EA%B3%B5"
"618","경기","오산시","","동","가수동","가수동","탄성코트업체","가수동-탄성코트업체","탄성코트","오산 Pilot","P3","https://www.barumspace.co.kr/?k=%EA%B0%80%EC%88%98%EB%8F%99-%ED%83%84%EC%84%B1%EC%BD%94%ED%8A%B8%EC%97%85%EC%B2%B4"
"619","경기","오산시","","동","가장동","가장동","베란다탄성코트","가장동-베란다탄성코트","탄성코트","오산 Pilot","P3","https://www.barumspace.co.kr/?k=%EA%B0%80%EC%9E%A5%EB%8F%99-%EB%B2%A0%EB%9E%80%EB%8B%A4%ED%83%84%EC%84%B1%EC%BD%94%ED%8A%B8"
"620","경기","오산시","","동","가장동","가장동","세탁실탄성코트","가장동-세탁실탄성코트","탄성코트","오산 Pilot","P3","https://www.barumspace.co.kr/?k=%EA%B0%80%EC%9E%A5%EB%8F%99-%EC%84%B8%ED%83%81%EC%8B%A4%ED%83%84%EC%84%B1%EC%BD%94%ED%8A%B8"
"621","경기","오산시","","동","가장동","가장동","아파트탄성코트","가장동-아파트탄성코트","탄성코트","오산 Pilot","P3","https://www.barumspace.co.kr/?k=%EA%B0%80%EC%9E%A5%EB%8F%99-%EC%95%84%ED%8C%8C%ED%8A%B8%ED%83%84%EC%84%B1%EC%BD%94%ED%8A%B8"
"622","경기","오산시","","동","가장동","가장동","탄성코트","가장동-탄성코트","탄성코트","오산 Pilot","P3","https://www.barumspace.co.kr/?k=%EA%B0%80%EC%9E%A5%EB%8F%99-%ED%83%84%EC%84%B1%EC%BD%94%ED%8A%B8"
"623","경기","오산시","","동","가장동","가장동","탄성코트시공","가장동-탄성코트시공","탄성코트","오산 Pilot","P3","https://www.barumspace.co.kr/?k=%EA%B0%80%EC%9E%A5%EB%8F%99-%ED%83%84%EC%84%B1%EC%BD%94%ED%8A%B8%EC%8B%9C%EA%B3%B5"
"624","경기","오산시","","동","가장동","가장동","탄성코트업체","가장동-탄성코트업체","탄성코트","오산 Pilot","P3","https://www.barumspace.co.kr/?k=%EA%B0%80%EC%9E%A5%EB%8F%99-%ED%83%84%EC%84%B1%EC%BD%94%ED%8A%B8%EC%97%85%EC%B2%B4"
"625","경기","오산시","","동","갈곶동","갈곶동","베란다탄성코트","갈곶동-베란다탄성코트","탄성코트","오산 Pilot","P3","https://www.barumspace.co.kr/?k=%EA%B0%88%EA%B3%B6%EB%8F%99-%EB%B2%A0%EB%9E%80%EB%8B%A4%ED%83%84%EC%84%B1%EC%BD%94%ED%8A%B8"
"626","경기","오산시","","동","갈곶동","갈곶동","세탁실탄성코트","갈곶동-세탁실탄성코트","탄성코트","오산 Pilot","P3","https://www.barumspace.co.kr/?k=%EA%B0%88%EA%B3%B6%EB%8F%99-%EC%84%B8%ED%83%81%EC%8B%A4%ED%83%84%EC%84%B1%EC%BD%94%ED%8A%B8"
"627","경기","오산시","","동","갈곶동","갈곶동","아파트탄성코트","갈곶동-아파트탄성코트","탄성코트","오산 Pilot","P3","https://www.barumspace.co.kr/?k=%EA%B0%88%EA%B3%B6%EB%8F%99-%EC%95%84%ED%8C%8C%ED%8A%B8%ED%83%84%EC%84%B1%EC%BD%94%ED%8A%B8"
"628","경기","오산시","","동","갈곶동","갈곶동","탄성코트","갈곶동-탄성코트","탄성코트","오산 Pilot","P3","https://www.barumspace.co.kr/?k=%EA%B0%88%EA%B3%B6%EB%8F%99-%ED%83%84%EC%84%B1%EC%BD%94%ED%8A%B8"
"629","경기","오산시","","동","갈곶동","갈곶동","탄성코트시공","갈곶동-탄성코트시공","탄성코트","오산 Pilot","P3","https://www.barumspace.co.kr/?k=%EA%B0%88%EA%B3%B6%EB%8F%99-%ED%83%84%EC%84%B1%EC%BD%94%ED%8A%B8%EC%8B%9C%EA%B3%B5"
"630","경기","오산시","","동","갈곶동","갈곶동","탄성코트업체","갈곶동-탄성코트업체","탄성코트","오산 Pilot","P3","https://www.barumspace.co.kr/?k=%EA%B0%88%EA%B3%B6%EB%8F%99-%ED%83%84%EC%84%B1%EC%BD%94%ED%8A%B8%EC%97%85%EC%B2%B4"
"631","경기","오산시","","동","고현동","고현동","베란다탄성코트","고현동-베란다탄성코트","탄성코트","오산 Pilot","P3","https://www.barumspace.co.kr/?k=%EA%B3%A0%ED%98%84%EB%8F%99-%EB%B2%A0%EB%9E%80%EB%8B%A4%ED%83%84%EC%84%B1%EC%BD%94%ED%8A%B8"
"632","경기","오산시","","동","고현동","고현동","세탁실탄성코트","고현동-세탁실탄성코트","탄성코트","오산 Pilot","P3","https://www.barumspace.co.kr/?k=%EA%B3%A0%ED%98%84%EB%8F%99-%EC%84%B8%ED%83%81%EC%8B%A4%ED%83%84%EC%84%B1%EC%BD%94%ED%8A%B8"
"633","경기","오산시","","동","고현동","고현동","아파트탄성코트","고현동-아파트탄성코트","탄성코트","오산 Pilot","P3","https://www.barumspace.co.kr/?k=%EA%B3%A0%ED%98%84%EB%8F%99-%EC%95%84%ED%8C%8C%ED%8A%B8%ED%83%84%EC%84%B1%EC%BD%94%ED%8A%B8"
"634","경기","오산시","","동","고현동","고현동","탄성코트","고현동-탄성코트","탄성코트","오산 Pilot","P3","https://www.barumspace.co.kr/?k=%EA%B3%A0%ED%98%84%EB%8F%99-%ED%83%84%EC%84%B1%EC%BD%94%ED%8A%B8"
"635","경기","오산시","","동","고현동","고현동","탄성코트시공","고현동-탄성코트시공","탄성코트","오산 Pilot","P3","https://www.barumspace.co.kr/?k=%EA%B3%A0%ED%98%84%EB%8F%99-%ED%83%84%EC%84%B1%EC%BD%94%ED%8A%B8%EC%8B%9C%EA%B3%B5"
"636","경기","오산시","","동","고현동","고현동","탄성코트업체","고현동-탄성코트업체","탄성코트","오산 Pilot","P3","https://www.barumspace.co.kr/?k=%EA%B3%A0%ED%98%84%EB%8F%99-%ED%83%84%EC%84%B1%EC%BD%94%ED%8A%B8%EC%97%85%EC%B2%B4"
"637","경기","오산시","","동","금암동","금암동","베란다탄성코트","금암동-베란다탄성코트","탄성코트","오산 Pilot","P3","https://www.barumspace.co.kr/?k=%EA%B8%88%EC%95%94%EB%8F%99-%EB%B2%A0%EB%9E%80%EB%8B%A4%ED%83%84%EC%84%B1%EC%BD%94%ED%8A%B8"
"638","경기","오산시","","동","금암동","금암동","세탁실탄성코트","금암동-세탁실탄성코트","탄성코트","오산 Pilot","P3","https://www.barumspace.co.kr/?k=%EA%B8%88%EC%95%94%EB%8F%99-%EC%84%B8%ED%83%81%EC%8B%A4%ED%83%84%EC%84%B1%EC%BD%94%ED%8A%B8"
"639","경기","오산시","","동","금암동","금암동","아파트탄성코트","금암동-아파트탄성코트","탄성코트","오산 Pilot","P3","https://www.barumspace.co.kr/?k=%EA%B8%88%EC%95%94%EB%8F%99-%EC%95%84%ED%8C%8C%ED%8A%B8%ED%83%84%EC%84%B1%EC%BD%94%ED%8A%B8"
"640","경기","오산시","","동","금암동","금암동","탄성코트","금암동-탄성코트","탄성코트","오산 Pilot","P3","https://www.barumspace.co.kr/?k=%EA%B8%88%EC%95%94%EB%8F%99-%ED%83%84%EC%84%B1%EC%BD%94%ED%8A%B8"
"641","경기","오산시","","동","금암동","금암동","탄성코트시공","금암동-탄성코트시공","탄성코트","오산 Pilot","P3","https://www.barumspace.co.kr/?k=%EA%B8%88%EC%95%94%EB%8F%99-%ED%83%84%EC%84%B1%EC%BD%94%ED%8A%B8%EC%8B%9C%EA%B3%B5"
"642","경기","오산시","","동","금암동","금암동","탄성코트업체","금암동-탄성코트업체","탄성코트","오산 Pilot","P3","https://www.barumspace.co.kr/?k=%EA%B8%88%EC%95%94%EB%8F%99-%ED%83%84%EC%84%B1%EC%BD%94%ED%8A%B8%EC%97%85%EC%B2%B4"
"643","경기","오산시","","동","누읍동","누읍동","베란다탄성코트","누읍동-베란다탄성코트","탄성코트","오산 Pilot","P3","https://www.barumspace.co.kr/?k=%EB%88%84%EC%9D%8D%EB%8F%99-%EB%B2%A0%EB%9E%80%EB%8B%A4%ED%83%84%EC%84%B1%EC%BD%94%ED%8A%B8"
"644","경기","오산시","","동","누읍동","누읍동","세탁실탄성코트","누읍동-세탁실탄성코트","탄성코트","오산 Pilot","P3","https://www.barumspace.co.kr/?k=%EB%88%84%EC%9D%8D%EB%8F%99-%EC%84%B8%ED%83%81%EC%8B%A4%ED%83%84%EC%84%B1%EC%BD%94%ED%8A%B8"
"645","경기","오산시","","동","누읍동","누읍동","아파트탄성코트","누읍동-아파트탄성코트","탄성코트","오산 Pilot","P3","https://www.barumspace.co.kr/?k=%EB%88%84%EC%9D%8D%EB%8F%99-%EC%95%84%ED%8C%8C%ED%8A%B8%ED%83%84%EC%84%B1%EC%BD%94%ED%8A%B8"
"646","경기","오산시","","동","누읍동","누읍동","탄성코트","누읍동-탄성코트","탄성코트","오산 Pilot","P3","https://www.barumspace.co.kr/?k=%EB%88%84%EC%9D%8D%EB%8F%99-%ED%83%84%EC%84%B1%EC%BD%94%ED%8A%B8"
"647","경기","오산시","","동","누읍동","누읍동","탄성코트시공","누읍동-탄성코트시공","탄성코트","오산 Pilot","P3","https://www.barumspace.co.kr/?k=%EB%88%84%EC%9D%8D%EB%8F%99-%ED%83%84%EC%84%B1%EC%BD%94%ED%8A%B8%EC%8B%9C%EA%B3%B5"
"648","경기","오산시","","동","누읍동","누읍동","탄성코트업체","누읍동-탄성코트업체","탄성코트","오산 Pilot","P3","https://www.barumspace.co.kr/?k=%EB%88%84%EC%9D%8D%EB%8F%99-%ED%83%84%EC%84%B1%EC%BD%94%ED%8A%B8%EC%97%85%EC%B2%B4"
"649","경기","오산시","","동","두곡동","두곡동","베란다탄성코트","두곡동-베란다탄성코트","탄성코트","오산 Pilot","P3","https://www.barumspace.co.kr/?k=%EB%91%90%EA%B3%A1%EB%8F%99-%EB%B2%A0%EB%9E%80%EB%8B%A4%ED%83%84%EC%84%B1%EC%BD%94%ED%8A%B8"
"650","경기","오산시","","동","두곡동","두곡동","세탁실탄성코트","두곡동-세탁실탄성코트","탄성코트","오산 Pilot","P3","https://www.barumspace.co.kr/?k=%EB%91%90%EA%B3%A1%EB%8F%99-%EC%84%B8%ED%83%81%EC%8B%A4%ED%83%84%EC%84%B1%EC%BD%94%ED%8A%B8"
"651","경기","오산시","","동","두곡동","두곡동","아파트탄성코트","두곡동-아파트탄성코트","탄성코트","오산 Pilot","P3","https://www.barumspace.co.kr/?k=%EB%91%90%EA%B3%A1%EB%8F%99-%EC%95%84%ED%8C%8C%ED%8A%B8%ED%83%84%EC%84%B1%EC%BD%94%ED%8A%B8"
"652","경기","오산시","","동","두곡동","두곡동","탄성코트","두곡동-탄성코트","탄성코트","오산 Pilot","P3","https://www.barumspace.co.kr/?k=%EB%91%90%EA%B3%A1%EB%8F%99-%ED%83%84%EC%84%B1%EC%BD%94%ED%8A%B8"
"653","경기","오산시","","동","두곡동","두곡동","탄성코트시공","두곡동-탄성코트시공","탄성코트","오산 Pilot","P3","https://www.barumspace.co.kr/?k=%EB%91%90%EA%B3%A1%EB%8F%99-%ED%83%84%EC%84%B1%EC%BD%94%ED%8A%B8%EC%8B%9C%EA%B3%B5"
"654","경기","오산시","","동","두곡동","두곡동","탄성코트업체","두곡동-탄성코트업체","탄성코트","오산 Pilot","P3","https://www.barumspace.co.kr/?k=%EB%91%90%EA%B3%A1%EB%8F%99-%ED%83%84%EC%84%B1%EC%BD%94%ED%8A%B8%EC%97%85%EC%B2%B4"
"655","경기","오산시","","동","벌음동","벌음동","베란다탄성코트","벌음동-베란다탄성코트","탄성코트","오산 Pilot","P3","https://www.barumspace.co.kr/?k=%EB%B2%8C%EC%9D%8C%EB%8F%99-%EB%B2%A0%EB%9E%80%EB%8B%A4%ED%83%84%EC%84%B1%EC%BD%94%ED%8A%B8"
"656","경기","오산시","","동","벌음동","벌음동","세탁실탄성코트","벌음동-세탁실탄성코트","탄성코트","오산 Pilot","P3","https://www.barumspace.co.kr/?k=%EB%B2%8C%EC%9D%8C%EB%8F%99-%EC%84%B8%ED%83%81%EC%8B%A4%ED%83%84%EC%84%B1%EC%BD%94%ED%8A%B8"
"657","경기","오산시","","동","벌음동","벌음동","아파트탄성코트","벌음동-아파트탄성코트","탄성코트","오산 Pilot","P3","https://www.barumspace.co.kr/?k=%EB%B2%8C%EC%9D%8C%EB%8F%99-%EC%95%84%ED%8C%8C%ED%8A%B8%ED%83%84%EC%84%B1%EC%BD%94%ED%8A%B8"
"658","경기","오산시","","동","벌음동","벌음동","탄성코트","벌음동-탄성코트","탄성코트","오산 Pilot","P3","https://www.barumspace.co.kr/?k=%EB%B2%8C%EC%9D%8C%EB%8F%99-%ED%83%84%EC%84%B1%EC%BD%94%ED%8A%B8"
"659","경기","오산시","","동","벌음동","벌음동","탄성코트시공","벌음동-탄성코트시공","탄성코트","오산 Pilot","P3","https://www.barumspace.co.kr/?k=%EB%B2%8C%EC%9D%8C%EB%8F%99-%ED%83%84%EC%84%B1%EC%BD%94%ED%8A%B8%EC%8B%9C%EA%B3%B5"
"660","경기","오산시","","동","벌음동","벌음동","탄성코트업체","벌음동-탄성코트업체","탄성코트","오산 Pilot","P3","https://www.barumspace.co.kr/?k=%EB%B2%8C%EC%9D%8C%EB%8F%99-%ED%83%84%EC%84%B1%EC%BD%94%ED%8A%B8%EC%97%85%EC%B2%B4"
"661","경기","오산시","","동","부산동","부산동","베란다탄성코트","부산동-베란다탄성코트","탄성코트","오산 Pilot","P3","https://www.barumspace.co.kr/?k=%EB%B6%80%EC%82%B0%EB%8F%99-%EB%B2%A0%EB%9E%80%EB%8B%A4%ED%83%84%EC%84%B1%EC%BD%94%ED%8A%B8"
"662","경기","오산시","","동","부산동","부산동","세탁실탄성코트","부산동-세탁실탄성코트","탄성코트","오산 Pilot","P3","https://www.barumspace.co.kr/?k=%EB%B6%80%EC%82%B0%EB%8F%99-%EC%84%B8%ED%83%81%EC%8B%A4%ED%83%84%EC%84%B1%EC%BD%94%ED%8A%B8"
"663","경기","오산시","","동","부산동","부산동","아파트탄성코트","부산동-아파트탄성코트","탄성코트","오산 Pilot","P3","https://www.barumspace.co.kr/?k=%EB%B6%80%EC%82%B0%EB%8F%99-%EC%95%84%ED%8C%8C%ED%8A%B8%ED%83%84%EC%84%B1%EC%BD%94%ED%8A%B8"
"664","경기","오산시","","동","부산동","부산동","탄성코트","부산동-탄성코트","탄성코트","오산 Pilot","P3","https://www.barumspace.co.kr/?k=%EB%B6%80%EC%82%B0%EB%8F%99-%ED%83%84%EC%84%B1%EC%BD%94%ED%8A%B8"
"665","경기","오산시","","동","부산동","부산동","탄성코트시공","부산동-탄성코트시공","탄성코트","오산 Pilot","P3","https://www.barumspace.co.kr/?k=%EB%B6%80%EC%82%B0%EB%8F%99-%ED%83%84%EC%84%B1%EC%BD%94%ED%8A%B8%EC%8B%9C%EA%B3%B5"
"666","경기","오산시","","동","부산동","부산동","탄성코트업체","부산동-탄성코트업체","탄성코트","오산 Pilot","P3","https://www.barumspace.co.kr/?k=%EB%B6%80%EC%82%B0%EB%8F%99-%ED%83%84%EC%84%B1%EC%BD%94%ED%8A%B8%EC%97%85%EC%B2%B4"
"667","경기","오산시","","동","서동","서동","베란다탄성코트","서동-베란다탄성코트","탄성코트","오산 Pilot","P3","https://www.barumspace.co.kr/?k=%EC%84%9C%EB%8F%99-%EB%B2%A0%EB%9E%80%EB%8B%A4%ED%83%84%EC%84%B1%EC%BD%94%ED%8A%B8"
"668","경기","오산시","","동","서동","서동","세탁실탄성코트","서동-세탁실탄성코트","탄성코트","오산 Pilot","P3","https://www.barumspace.co.kr/?k=%EC%84%9C%EB%8F%99-%EC%84%B8%ED%83%81%EC%8B%A4%ED%83%84%EC%84%B1%EC%BD%94%ED%8A%B8"
"669","경기","오산시","","동","서동","서동","아파트탄성코트","서동-아파트탄성코트","탄성코트","오산 Pilot","P3","https://www.barumspace.co.kr/?k=%EC%84%9C%EB%8F%99-%EC%95%84%ED%8C%8C%ED%8A%B8%ED%83%84%EC%84%B1%EC%BD%94%ED%8A%B8"
"670","경기","오산시","","동","서동","서동","탄성코트","서동-탄성코트","탄성코트","오산 Pilot","P3","https://www.barumspace.co.kr/?k=%EC%84%9C%EB%8F%99-%ED%83%84%EC%84%B1%EC%BD%94%ED%8A%B8"
"671","경기","오산시","","동","서동","서동","탄성코트시공","서동-탄성코트시공","탄성코트","오산 Pilot","P3","https://www.barumspace.co.kr/?k=%EC%84%9C%EB%8F%99-%ED%83%84%EC%84%B1%EC%BD%94%ED%8A%B8%EC%8B%9C%EA%B3%B5"
"672","경기","오산시","","동","서동","서동","탄성코트업체","서동-탄성코트업체","탄성코트","오산 Pilot","P3","https://www.barumspace.co.kr/?k=%EC%84%9C%EB%8F%99-%ED%83%84%EC%84%B1%EC%BD%94%ED%8A%B8%EC%97%85%EC%B2%B4"
"673","경기","오산시","","동","서랑동","서랑동","베란다탄성코트","서랑동-베란다탄성코트","탄성코트","오산 Pilot","P3","https://www.barumspace.co.kr/?k=%EC%84%9C%EB%9E%91%EB%8F%99-%EB%B2%A0%EB%9E%80%EB%8B%A4%ED%83%84%EC%84%B1%EC%BD%94%ED%8A%B8"
"674","경기","오산시","","동","서랑동","서랑동","세탁실탄성코트","서랑동-세탁실탄성코트","탄성코트","오산 Pilot","P3","https://www.barumspace.co.kr/?k=%EC%84%9C%EB%9E%91%EB%8F%99-%EC%84%B8%ED%83%81%EC%8B%A4%ED%83%84%EC%84%B1%EC%BD%94%ED%8A%B8"
"675","경기","오산시","","동","서랑동","서랑동","아파트탄성코트","서랑동-아파트탄성코트","탄성코트","오산 Pilot","P3","https://www.barumspace.co.kr/?k=%EC%84%9C%EB%9E%91%EB%8F%99-%EC%95%84%ED%8C%8C%ED%8A%B8%ED%83%84%EC%84%B1%EC%BD%94%ED%8A%B8"
"676","경기","오산시","","동","서랑동","서랑동","탄성코트","서랑동-탄성코트","탄성코트","오산 Pilot","P3","https://www.barumspace.co.kr/?k=%EC%84%9C%EB%9E%91%EB%8F%99-%ED%83%84%EC%84%B1%EC%BD%94%ED%8A%B8"
"677","경기","오산시","","동","서랑동","서랑동","탄성코트시공","서랑동-탄성코트시공","탄성코트","오산 Pilot","P3","https://www.barumspace.co.kr/?k=%EC%84%9C%EB%9E%91%EB%8F%99-%ED%83%84%EC%84%B1%EC%BD%94%ED%8A%B8%EC%8B%9C%EA%B3%B5"
"678","경기","오산시","","동","서랑동","서랑동","탄성코트업체","서랑동-탄성코트업체","탄성코트","오산 Pilot","P3","https://www.barumspace.co.kr/?k=%EC%84%9C%EB%9E%91%EB%8F%99-%ED%83%84%EC%84%B1%EC%BD%94%ED%8A%B8%EC%97%85%EC%B2%B4"
"679","경기","오산시","","동","수청동","수청동","베란다탄성코트","수청동-베란다탄성코트","탄성코트","오산 Pilot","P3","https://www.barumspace.co.kr/?k=%EC%88%98%EC%B2%AD%EB%8F%99-%EB%B2%A0%EB%9E%80%EB%8B%A4%ED%83%84%EC%84%B1%EC%BD%94%ED%8A%B8"
"680","경기","오산시","","동","수청동","수청동","세탁실탄성코트","수청동-세탁실탄성코트","탄성코트","오산 Pilot","P3","https://www.barumspace.co.kr/?k=%EC%88%98%EC%B2%AD%EB%8F%99-%EC%84%B8%ED%83%81%EC%8B%A4%ED%83%84%EC%84%B1%EC%BD%94%ED%8A%B8"
"681","경기","오산시","","동","수청동","수청동","아파트탄성코트","수청동-아파트탄성코트","탄성코트","오산 Pilot","P3","https://www.barumspace.co.kr/?k=%EC%88%98%EC%B2%AD%EB%8F%99-%EC%95%84%ED%8C%8C%ED%8A%B8%ED%83%84%EC%84%B1%EC%BD%94%ED%8A%B8"
"682","경기","오산시","","동","수청동","수청동","탄성코트","수청동-탄성코트","탄성코트","오산 Pilot","P3","https://www.barumspace.co.kr/?k=%EC%88%98%EC%B2%AD%EB%8F%99-%ED%83%84%EC%84%B1%EC%BD%94%ED%8A%B8"
"683","경기","오산시","","동","수청동","수청동","탄성코트시공","수청동-탄성코트시공","탄성코트","오산 Pilot","P3","https://www.barumspace.co.kr/?k=%EC%88%98%EC%B2%AD%EB%8F%99-%ED%83%84%EC%84%B1%EC%BD%94%ED%8A%B8%EC%8B%9C%EA%B3%B5"
"684","경기","오산시","","동","수청동","수청동","탄성코트업체","수청동-탄성코트업체","탄성코트","오산 Pilot","P3","https://www.barumspace.co.kr/?k=%EC%88%98%EC%B2%AD%EB%8F%99-%ED%83%84%EC%84%B1%EC%BD%94%ED%8A%B8%EC%97%85%EC%B2%B4"
"685","경기","오산시","","동","은계동","은계동","베란다탄성코트","은계동-베란다탄성코트","탄성코트","오산 Pilot","P3","https://www.barumspace.co.kr/?k=%EC%9D%80%EA%B3%84%EB%8F%99-%EB%B2%A0%EB%9E%80%EB%8B%A4%ED%83%84%EC%84%B1%EC%BD%94%ED%8A%B8"
"686","경기","오산시","","동","은계동","은계동","세탁실탄성코트","은계동-세탁실탄성코트","탄성코트","오산 Pilot","P3","https://www.barumspace.co.kr/?k=%EC%9D%80%EA%B3%84%EB%8F%99-%EC%84%B8%ED%83%81%EC%8B%A4%ED%83%84%EC%84%B1%EC%BD%94%ED%8A%B8"
"687","경기","오산시","","동","은계동","은계동","아파트탄성코트","은계동-아파트탄성코트","탄성코트","오산 Pilot","P3","https://www.barumspace.co.kr/?k=%EC%9D%80%EA%B3%84%EB%8F%99-%EC%95%84%ED%8C%8C%ED%8A%B8%ED%83%84%EC%84%B1%EC%BD%94%ED%8A%B8"
"688","경기","오산시","","동","은계동","은계동","탄성코트","은계동-탄성코트","탄성코트","오산 Pilot","P3","https://www.barumspace.co.kr/?k=%EC%9D%80%EA%B3%84%EB%8F%99-%ED%83%84%EC%84%B1%EC%BD%94%ED%8A%B8"
"689","경기","오산시","","동","은계동","은계동","탄성코트시공","은계동-탄성코트시공","탄성코트","오산 Pilot","P3","https://www.barumspace.co.kr/?k=%EC%9D%80%EA%B3%84%EB%8F%99-%ED%83%84%EC%84%B1%EC%BD%94%ED%8A%B8%EC%8B%9C%EA%B3%B5"
"690","경기","오산시","","동","은계동","은계동","탄성코트업체","은계동-탄성코트업체","탄성코트","오산 Pilot","P3","https://www.barumspace.co.kr/?k=%EC%9D%80%EA%B3%84%EB%8F%99-%ED%83%84%EC%84%B1%EC%BD%94%ED%8A%B8%EC%97%85%EC%B2%B4"
"691","경기","오산시","","동","지곶동","지곶동","베란다탄성코트","지곶동-베란다탄성코트","탄성코트","오산 Pilot","P3","https://www.barumspace.co.kr/?k=%EC%A7%80%EA%B3%B6%EB%8F%99-%EB%B2%A0%EB%9E%80%EB%8B%A4%ED%83%84%EC%84%B1%EC%BD%94%ED%8A%B8"
"692","경기","오산시","","동","지곶동","지곶동","세탁실탄성코트","지곶동-세탁실탄성코트","탄성코트","오산 Pilot","P3","https://www.barumspace.co.kr/?k=%EC%A7%80%EA%B3%B6%EB%8F%99-%EC%84%B8%ED%83%81%EC%8B%A4%ED%83%84%EC%84%B1%EC%BD%94%ED%8A%B8"
"693","경기","오산시","","동","지곶동","지곶동","아파트탄성코트","지곶동-아파트탄성코트","탄성코트","오산 Pilot","P3","https://www.barumspace.co.kr/?k=%EC%A7%80%EA%B3%B6%EB%8F%99-%EC%95%84%ED%8C%8C%ED%8A%B8%ED%83%84%EC%84%B1%EC%BD%94%ED%8A%B8"
"694","경기","오산시","","동","지곶동","지곶동","탄성코트","지곶동-탄성코트","탄성코트","오산 Pilot","P3","https://www.barumspace.co.kr/?k=%EC%A7%80%EA%B3%B6%EB%8F%99-%ED%83%84%EC%84%B1%EC%BD%94%ED%8A%B8"
"695","경기","오산시","","동","지곶동","지곶동","탄성코트시공","지곶동-탄성코트시공","탄성코트","오산 Pilot","P3","https://www.barumspace.co.kr/?k=%EC%A7%80%EA%B3%B6%EB%8F%99-%ED%83%84%EC%84%B1%EC%BD%94%ED%8A%B8%EC%8B%9C%EA%B3%B5"
"696","경기","오산시","","동","지곶동","지곶동","탄성코트업체","지곶동-탄성코트업체","탄성코트","오산 Pilot","P3","https://www.barumspace.co.kr/?k=%EC%A7%80%EA%B3%B6%EB%8F%99-%ED%83%84%EC%84%B1%EC%BD%94%ED%8A%B8%EC%97%85%EC%B2%B4"
"697","경기","오산시","","동","청호동","청호동","베란다탄성코트","청호동-베란다탄성코트","탄성코트","오산 Pilot","P3","https://www.barumspace.co.kr/?k=%EC%B2%AD%ED%98%B8%EB%8F%99-%EB%B2%A0%EB%9E%80%EB%8B%A4%ED%83%84%EC%84%B1%EC%BD%94%ED%8A%B8"
"698","경기","오산시","","동","청호동","청호동","세탁실탄성코트","청호동-세탁실탄성코트","탄성코트","오산 Pilot","P3","https://www.barumspace.co.kr/?k=%EC%B2%AD%ED%98%B8%EB%8F%99-%EC%84%B8%ED%83%81%EC%8B%A4%ED%83%84%EC%84%B1%EC%BD%94%ED%8A%B8"
"699","경기","오산시","","동","청호동","청호동","아파트탄성코트","청호동-아파트탄성코트","탄성코트","오산 Pilot","P3","https://www.barumspace.co.kr/?k=%EC%B2%AD%ED%98%B8%EB%8F%99-%EC%95%84%ED%8C%8C%ED%8A%B8%ED%83%84%EC%84%B1%EC%BD%94%ED%8A%B8"
"700","경기","오산시","","동","청호동","청호동","탄성코트","청호동-탄성코트","탄성코트","오산 Pilot","P3","https://www.barumspace.co.kr/?k=%EC%B2%AD%ED%98%B8%EB%8F%99-%ED%83%84%EC%84%B1%EC%BD%94%ED%8A%B8"
"701","경기","오산시","","동","청호동","청호동","탄성코트시공","청호동-탄성코트시공","탄성코트","오산 Pilot","P3","https://www.barumspace.co.kr/?k=%EC%B2%AD%ED%98%B8%EB%8F%99-%ED%83%84%EC%84%B1%EC%BD%94%ED%8A%B8%EC%8B%9C%EA%B3%B5"
"702","경기","오산시","","동","청호동","청호동","탄성코트업체","청호동-탄성코트업체","탄성코트","오산 Pilot","P3","https://www.barumspace.co.kr/?k=%EC%B2%AD%ED%98%B8%EB%8F%99-%ED%83%84%EC%84%B1%EC%BD%94%ED%8A%B8%EC%97%85%EC%B2%B4"
"703","경기","용인시","기흥구","동","고매동","고매동","베란다탄성코트","고매동-베란다탄성코트","탄성코트","신규","P3","https://www.barumspace.co.kr/?k=%EA%B3%A0%EB%A7%A4%EB%8F%99-%EB%B2%A0%EB%9E%80%EB%8B%A4%ED%83%84%EC%84%B1%EC%BD%94%ED%8A%B8"
"704","경기","용인시","기흥구","동","고매동","고매동","세탁실탄성코트","고매동-세탁실탄성코트","탄성코트","신규","P3","https://www.barumspace.co.kr/?k=%EA%B3%A0%EB%A7%A4%EB%8F%99-%EC%84%B8%ED%83%81%EC%8B%A4%ED%83%84%EC%84%B1%EC%BD%94%ED%8A%B8"
"705","경기","용인시","기흥구","동","고매동","고매동","아파트탄성코트","고매동-아파트탄성코트","탄성코트","신규","P3","https://www.barumspace.co.kr/?k=%EA%B3%A0%EB%A7%A4%EB%8F%99-%EC%95%84%ED%8C%8C%ED%8A%B8%ED%83%84%EC%84%B1%EC%BD%94%ED%8A%B8"
"706","경기","용인시","기흥구","동","고매동","고매동","탄성코트","고매동-탄성코트","탄성코트","신규","P3","https://www.barumspace.co.kr/?k=%EA%B3%A0%EB%A7%A4%EB%8F%99-%ED%83%84%EC%84%B1%EC%BD%94%ED%8A%B8"
"707","경기","용인시","기흥구","동","고매동","고매동","탄성코트시공","고매동-탄성코트시공","탄성코트","신규","P3","https://www.barumspace.co.kr/?k=%EA%B3%A0%EB%A7%A4%EB%8F%99-%ED%83%84%EC%84%B1%EC%BD%94%ED%8A%B8%EC%8B%9C%EA%B3%B5"
"708","경기","용인시","기흥구","동","고매동","고매동","탄성코트업체","고매동-탄성코트업체","탄성코트","신규","P3","https://www.barumspace.co.kr/?k=%EA%B3%A0%EB%A7%A4%EB%8F%99-%ED%83%84%EC%84%B1%EC%BD%94%ED%8A%B8%EC%97%85%EC%B2%B4"
"709","경기","용인시","기흥구","동","공세동","공세동","베란다탄성코트","공세동-베란다탄성코트","탄성코트","신규","P3","https://www.barumspace.co.kr/?k=%EA%B3%B5%EC%84%B8%EB%8F%99-%EB%B2%A0%EB%9E%80%EB%8B%A4%ED%83%84%EC%84%B1%EC%BD%94%ED%8A%B8"
"710","경기","용인시","기흥구","동","공세동","공세동","세탁실탄성코트","공세동-세탁실탄성코트","탄성코트","신규","P3","https://www.barumspace.co.kr/?k=%EA%B3%B5%EC%84%B8%EB%8F%99-%EC%84%B8%ED%83%81%EC%8B%A4%ED%83%84%EC%84%B1%EC%BD%94%ED%8A%B8"
"711","경기","용인시","기흥구","동","공세동","공세동","아파트탄성코트","공세동-아파트탄성코트","탄성코트","신규","P3","https://www.barumspace.co.kr/?k=%EA%B3%B5%EC%84%B8%EB%8F%99-%EC%95%84%ED%8C%8C%ED%8A%B8%ED%83%84%EC%84%B1%EC%BD%94%ED%8A%B8"
"712","경기","용인시","기흥구","동","공세동","공세동","탄성코트","공세동-탄성코트","탄성코트","신규","P3","https://www.barumspace.co.kr/?k=%EA%B3%B5%EC%84%B8%EB%8F%99-%ED%83%84%EC%84%B1%EC%BD%94%ED%8A%B8"
"713","경기","용인시","기흥구","동","공세동","공세동","탄성코트시공","공세동-탄성코트시공","탄성코트","신규","P3","https://www.barumspace.co.kr/?k=%EA%B3%B5%EC%84%B8%EB%8F%99-%ED%83%84%EC%84%B1%EC%BD%94%ED%8A%B8%EC%8B%9C%EA%B3%B5"
"714","경기","용인시","기흥구","동","공세동","공세동","탄성코트업체","공세동-탄성코트업체","탄성코트","신규","P3","https://www.barumspace.co.kr/?k=%EA%B3%B5%EC%84%B8%EB%8F%99-%ED%83%84%EC%84%B1%EC%BD%94%ED%8A%B8%EC%97%85%EC%B2%B4"
"715","경기","용인시","기흥구","동","농서동","농서동","베란다탄성코트","농서동-베란다탄성코트","탄성코트","신규","P3","https://www.barumspace.co.kr/?k=%EB%86%8D%EC%84%9C%EB%8F%99-%EB%B2%A0%EB%9E%80%EB%8B%A4%ED%83%84%EC%84%B1%EC%BD%94%ED%8A%B8"
"716","경기","용인시","기흥구","동","농서동","농서동","세탁실탄성코트","농서동-세탁실탄성코트","탄성코트","신규","P3","https://www.barumspace.co.kr/?k=%EB%86%8D%EC%84%9C%EB%8F%99-%EC%84%B8%ED%83%81%EC%8B%A4%ED%83%84%EC%84%B1%EC%BD%94%ED%8A%B8"
"717","경기","용인시","기흥구","동","농서동","농서동","아파트탄성코트","농서동-아파트탄성코트","탄성코트","신규","P3","https://www.barumspace.co.kr/?k=%EB%86%8D%EC%84%9C%EB%8F%99-%EC%95%84%ED%8C%8C%ED%8A%B8%ED%83%84%EC%84%B1%EC%BD%94%ED%8A%B8"
"718","경기","용인시","기흥구","동","농서동","농서동","탄성코트","농서동-탄성코트","탄성코트","신규","P3","https://www.barumspace.co.kr/?k=%EB%86%8D%EC%84%9C%EB%8F%99-%ED%83%84%EC%84%B1%EC%BD%94%ED%8A%B8"
"719","경기","용인시","기흥구","동","농서동","농서동","탄성코트시공","농서동-탄성코트시공","탄성코트","신규","P3","https://www.barumspace.co.kr/?k=%EB%86%8D%EC%84%9C%EB%8F%99-%ED%83%84%EC%84%B1%EC%BD%94%ED%8A%B8%EC%8B%9C%EA%B3%B5"
"720","경기","용인시","기흥구","동","농서동","농서동","탄성코트업체","농서동-탄성코트업체","탄성코트","신규","P3","https://www.barumspace.co.kr/?k=%EB%86%8D%EC%84%9C%EB%8F%99-%ED%83%84%EC%84%B1%EC%BD%94%ED%8A%B8%EC%97%85%EC%B2%B4"
"721","경기","용인시","기흥구","동","마북동","마북동","베란다탄성코트","마북동-베란다탄성코트","탄성코트","신규","P3","https://www.barumspace.co.kr/?k=%EB%A7%88%EB%B6%81%EB%8F%99-%EB%B2%A0%EB%9E%80%EB%8B%A4%ED%83%84%EC%84%B1%EC%BD%94%ED%8A%B8"
"722","경기","용인시","기흥구","동","마북동","마북동","세탁실탄성코트","마북동-세탁실탄성코트","탄성코트","신규","P3","https://www.barumspace.co.kr/?k=%EB%A7%88%EB%B6%81%EB%8F%99-%EC%84%B8%ED%83%81%EC%8B%A4%ED%83%84%EC%84%B1%EC%BD%94%ED%8A%B8"
"723","경기","용인시","기흥구","동","마북동","마북동","아파트탄성코트","마북동-아파트탄성코트","탄성코트","신규","P3","https://www.barumspace.co.kr/?k=%EB%A7%88%EB%B6%81%EB%8F%99-%EC%95%84%ED%8C%8C%ED%8A%B8%ED%83%84%EC%84%B1%EC%BD%94%ED%8A%B8"
"724","경기","용인시","기흥구","동","마북동","마북동","탄성코트","마북동-탄성코트","탄성코트","신규","P3","https://www.barumspace.co.kr/?k=%EB%A7%88%EB%B6%81%EB%8F%99-%ED%83%84%EC%84%B1%EC%BD%94%ED%8A%B8"
"725","경기","용인시","기흥구","동","마북동","마북동","탄성코트시공","마북동-탄성코트시공","탄성코트","신규","P3","https://www.barumspace.co.kr/?k=%EB%A7%88%EB%B6%81%EB%8F%99-%ED%83%84%EC%84%B1%EC%BD%94%ED%8A%B8%EC%8B%9C%EA%B3%B5"
"726","경기","용인시","기흥구","동","마북동","마북동","탄성코트업체","마북동-탄성코트업체","탄성코트","신규","P3","https://www.barumspace.co.kr/?k=%EB%A7%88%EB%B6%81%EB%8F%99-%ED%83%84%EC%84%B1%EC%BD%94%ED%8A%B8%EC%97%85%EC%B2%B4"
"727","경기","용인시","기흥구","동","보라동","보라동","베란다탄성코트","보라동-베란다탄성코트","탄성코트","신규","P3","https://www.barumspace.co.kr/?k=%EB%B3%B4%EB%9D%BC%EB%8F%99-%EB%B2%A0%EB%9E%80%EB%8B%A4%ED%83%84%EC%84%B1%EC%BD%94%ED%8A%B8"
"728","경기","용인시","기흥구","동","보라동","보라동","세탁실탄성코트","보라동-세탁실탄성코트","탄성코트","신규","P3","https://www.barumspace.co.kr/?k=%EB%B3%B4%EB%9D%BC%EB%8F%99-%EC%84%B8%ED%83%81%EC%8B%A4%ED%83%84%EC%84%B1%EC%BD%94%ED%8A%B8"
"729","경기","용인시","기흥구","동","보라동","보라동","아파트탄성코트","보라동-아파트탄성코트","탄성코트","신규","P3","https://www.barumspace.co.kr/?k=%EB%B3%B4%EB%9D%BC%EB%8F%99-%EC%95%84%ED%8C%8C%ED%8A%B8%ED%83%84%EC%84%B1%EC%BD%94%ED%8A%B8"
"730","경기","용인시","기흥구","동","보라동","보라동","탄성코트","보라동-탄성코트","탄성코트","신규","P3","https://www.barumspace.co.kr/?k=%EB%B3%B4%EB%9D%BC%EB%8F%99-%ED%83%84%EC%84%B1%EC%BD%94%ED%8A%B8"
"731","경기","용인시","기흥구","동","보라동","보라동","탄성코트시공","보라동-탄성코트시공","탄성코트","신규","P3","https://www.barumspace.co.kr/?k=%EB%B3%B4%EB%9D%BC%EB%8F%99-%ED%83%84%EC%84%B1%EC%BD%94%ED%8A%B8%EC%8B%9C%EA%B3%B5"
"732","경기","용인시","기흥구","동","보라동","보라동","탄성코트업체","보라동-탄성코트업체","탄성코트","신규","P3","https://www.barumspace.co.kr/?k=%EB%B3%B4%EB%9D%BC%EB%8F%99-%ED%83%84%EC%84%B1%EC%BD%94%ED%8A%B8%EC%97%85%EC%B2%B4"
"733","경기","용인시","기흥구","동","상갈동","상갈동","베란다탄성코트","상갈동-베란다탄성코트","탄성코트","신규","P3","https://www.barumspace.co.kr/?k=%EC%83%81%EA%B0%88%EB%8F%99-%EB%B2%A0%EB%9E%80%EB%8B%A4%ED%83%84%EC%84%B1%EC%BD%94%ED%8A%B8"
"734","경기","용인시","기흥구","동","상갈동","상갈동","세탁실탄성코트","상갈동-세탁실탄성코트","탄성코트","신규","P3","https://www.barumspace.co.kr/?k=%EC%83%81%EA%B0%88%EB%8F%99-%EC%84%B8%ED%83%81%EC%8B%A4%ED%83%84%EC%84%B1%EC%BD%94%ED%8A%B8"
"735","경기","용인시","기흥구","동","상갈동","상갈동","아파트탄성코트","상갈동-아파트탄성코트","탄성코트","신규","P3","https://www.barumspace.co.kr/?k=%EC%83%81%EA%B0%88%EB%8F%99-%EC%95%84%ED%8C%8C%ED%8A%B8%ED%83%84%EC%84%B1%EC%BD%94%ED%8A%B8"
"736","경기","용인시","기흥구","동","상갈동","상갈동","탄성코트","상갈동-탄성코트","탄성코트","신규","P3","https://www.barumspace.co.kr/?k=%EC%83%81%EA%B0%88%EB%8F%99-%ED%83%84%EC%84%B1%EC%BD%94%ED%8A%B8"
"737","경기","용인시","기흥구","동","상갈동","상갈동","탄성코트시공","상갈동-탄성코트시공","탄성코트","신규","P3","https://www.barumspace.co.kr/?k=%EC%83%81%EA%B0%88%EB%8F%99-%ED%83%84%EC%84%B1%EC%BD%94%ED%8A%B8%EC%8B%9C%EA%B3%B5"
"738","경기","용인시","기흥구","동","상갈동","상갈동","탄성코트업체","상갈동-탄성코트업체","탄성코트","신규","P3","https://www.barumspace.co.kr/?k=%EC%83%81%EA%B0%88%EB%8F%99-%ED%83%84%EC%84%B1%EC%BD%94%ED%8A%B8%EC%97%85%EC%B2%B4"
"739","경기","용인시","기흥구","동","상하동","상하동","베란다탄성코트","상하동-베란다탄성코트","탄성코트","신규","P3","https://www.barumspace.co.kr/?k=%EC%83%81%ED%95%98%EB%8F%99-%EB%B2%A0%EB%9E%80%EB%8B%A4%ED%83%84%EC%84%B1%EC%BD%94%ED%8A%B8"
"740","경기","용인시","기흥구","동","상하동","상하동","세탁실탄성코트","상하동-세탁실탄성코트","탄성코트","신규","P3","https://www.barumspace.co.kr/?k=%EC%83%81%ED%95%98%EB%8F%99-%EC%84%B8%ED%83%81%EC%8B%A4%ED%83%84%EC%84%B1%EC%BD%94%ED%8A%B8"
"741","경기","용인시","기흥구","동","상하동","상하동","아파트탄성코트","상하동-아파트탄성코트","탄성코트","신규","P3","https://www.barumspace.co.kr/?k=%EC%83%81%ED%95%98%EB%8F%99-%EC%95%84%ED%8C%8C%ED%8A%B8%ED%83%84%EC%84%B1%EC%BD%94%ED%8A%B8"
"742","경기","용인시","기흥구","동","상하동","상하동","탄성코트","상하동-탄성코트","탄성코트","신규","P3","https://www.barumspace.co.kr/?k=%EC%83%81%ED%95%98%EB%8F%99-%ED%83%84%EC%84%B1%EC%BD%94%ED%8A%B8"
"743","경기","용인시","기흥구","동","상하동","상하동","탄성코트시공","상하동-탄성코트시공","탄성코트","신규","P3","https://www.barumspace.co.kr/?k=%EC%83%81%ED%95%98%EB%8F%99-%ED%83%84%EC%84%B1%EC%BD%94%ED%8A%B8%EC%8B%9C%EA%B3%B5"
"744","경기","용인시","기흥구","동","상하동","상하동","탄성코트업체","상하동-탄성코트업체","탄성코트","신규","P3","https://www.barumspace.co.kr/?k=%EC%83%81%ED%95%98%EB%8F%99-%ED%83%84%EC%84%B1%EC%BD%94%ED%8A%B8%EC%97%85%EC%B2%B4"
"745","경기","용인시","기흥구","동","서천동","서천동","베란다탄성코트","서천동-베란다탄성코트","탄성코트","신규","P3","https://www.barumspace.co.kr/?k=%EC%84%9C%EC%B2%9C%EB%8F%99-%EB%B2%A0%EB%9E%80%EB%8B%A4%ED%83%84%EC%84%B1%EC%BD%94%ED%8A%B8"
"746","경기","용인시","기흥구","동","서천동","서천동","세탁실탄성코트","서천동-세탁실탄성코트","탄성코트","신규","P3","https://www.barumspace.co.kr/?k=%EC%84%9C%EC%B2%9C%EB%8F%99-%EC%84%B8%ED%83%81%EC%8B%A4%ED%83%84%EC%84%B1%EC%BD%94%ED%8A%B8"
"747","경기","용인시","기흥구","동","서천동","서천동","아파트탄성코트","서천동-아파트탄성코트","탄성코트","신규","P3","https://www.barumspace.co.kr/?k=%EC%84%9C%EC%B2%9C%EB%8F%99-%EC%95%84%ED%8C%8C%ED%8A%B8%ED%83%84%EC%84%B1%EC%BD%94%ED%8A%B8"
"748","경기","용인시","기흥구","동","서천동","서천동","탄성코트","서천동-탄성코트","탄성코트","신규","P3","https://www.barumspace.co.kr/?k=%EC%84%9C%EC%B2%9C%EB%8F%99-%ED%83%84%EC%84%B1%EC%BD%94%ED%8A%B8"
"749","경기","용인시","기흥구","동","서천동","서천동","탄성코트시공","서천동-탄성코트시공","탄성코트","신규","P3","https://www.barumspace.co.kr/?k=%EC%84%9C%EC%B2%9C%EB%8F%99-%ED%83%84%EC%84%B1%EC%BD%94%ED%8A%B8%EC%8B%9C%EA%B3%B5"
"750","경기","용인시","기흥구","동","서천동","서천동","탄성코트업체","서천동-탄성코트업체","탄성코트","신규","P3","https://www.barumspace.co.kr/?k=%EC%84%9C%EC%B2%9C%EB%8F%99-%ED%83%84%EC%84%B1%EC%BD%94%ED%8A%B8%EC%97%85%EC%B2%B4"
"751","경기","용인시","기흥구","동","언남동","언남동","베란다탄성코트","언남동-베란다탄성코트","탄성코트","신규","P3","https://www.barumspace.co.kr/?k=%EC%96%B8%EB%82%A8%EB%8F%99-%EB%B2%A0%EB%9E%80%EB%8B%A4%ED%83%84%EC%84%B1%EC%BD%94%ED%8A%B8"
"752","경기","용인시","기흥구","동","언남동","언남동","세탁실탄성코트","언남동-세탁실탄성코트","탄성코트","신규","P3","https://www.barumspace.co.kr/?k=%EC%96%B8%EB%82%A8%EB%8F%99-%EC%84%B8%ED%83%81%EC%8B%A4%ED%83%84%EC%84%B1%EC%BD%94%ED%8A%B8"
"753","경기","용인시","기흥구","동","언남동","언남동","아파트탄성코트","언남동-아파트탄성코트","탄성코트","신규","P3","https://www.barumspace.co.kr/?k=%EC%96%B8%EB%82%A8%EB%8F%99-%EC%95%84%ED%8C%8C%ED%8A%B8%ED%83%84%EC%84%B1%EC%BD%94%ED%8A%B8"
"754","경기","용인시","기흥구","동","언남동","언남동","탄성코트","언남동-탄성코트","탄성코트","신규","P3","https://www.barumspace.co.kr/?k=%EC%96%B8%EB%82%A8%EB%8F%99-%ED%83%84%EC%84%B1%EC%BD%94%ED%8A%B8"
"755","경기","용인시","기흥구","동","언남동","언남동","탄성코트시공","언남동-탄성코트시공","탄성코트","신규","P3","https://www.barumspace.co.kr/?k=%EC%96%B8%EB%82%A8%EB%8F%99-%ED%83%84%EC%84%B1%EC%BD%94%ED%8A%B8%EC%8B%9C%EA%B3%B5"
"756","경기","용인시","기흥구","동","언남동","언남동","탄성코트업체","언남동-탄성코트업체","탄성코트","신규","P3","https://www.barumspace.co.kr/?k=%EC%96%B8%EB%82%A8%EB%8F%99-%ED%83%84%EC%84%B1%EC%BD%94%ED%8A%B8%EC%97%85%EC%B2%B4"
"757","경기","용인시","기흥구","동","영덕동","영덕동","베란다탄성코트","영덕동-베란다탄성코트","탄성코트","신규","P3","https://www.barumspace.co.kr/?k=%EC%98%81%EB%8D%95%EB%8F%99-%EB%B2%A0%EB%9E%80%EB%8B%A4%ED%83%84%EC%84%B1%EC%BD%94%ED%8A%B8"
"758","경기","용인시","기흥구","동","영덕동","영덕동","세탁실탄성코트","영덕동-세탁실탄성코트","탄성코트","신규","P3","https://www.barumspace.co.kr/?k=%EC%98%81%EB%8D%95%EB%8F%99-%EC%84%B8%ED%83%81%EC%8B%A4%ED%83%84%EC%84%B1%EC%BD%94%ED%8A%B8"
"759","경기","용인시","기흥구","동","영덕동","영덕동","아파트탄성코트","영덕동-아파트탄성코트","탄성코트","신규","P3","https://www.barumspace.co.kr/?k=%EC%98%81%EB%8D%95%EB%8F%99-%EC%95%84%ED%8C%8C%ED%8A%B8%ED%83%84%EC%84%B1%EC%BD%94%ED%8A%B8"
"760","경기","용인시","기흥구","동","영덕동","영덕동","탄성코트","영덕동-탄성코트","탄성코트","신규","P3","https://www.barumspace.co.kr/?k=%EC%98%81%EB%8D%95%EB%8F%99-%ED%83%84%EC%84%B1%EC%BD%94%ED%8A%B8"
"761","경기","용인시","기흥구","동","영덕동","영덕동","탄성코트시공","영덕동-탄성코트시공","탄성코트","신규","P3","https://www.barumspace.co.kr/?k=%EC%98%81%EB%8D%95%EB%8F%99-%ED%83%84%EC%84%B1%EC%BD%94%ED%8A%B8%EC%8B%9C%EA%B3%B5"
"762","경기","용인시","기흥구","동","영덕동","영덕동","탄성코트업체","영덕동-탄성코트업체","탄성코트","신규","P3","https://www.barumspace.co.kr/?k=%EC%98%81%EB%8D%95%EB%8F%99-%ED%83%84%EC%84%B1%EC%BD%94%ED%8A%B8%EC%97%85%EC%B2%B4"
"763","경기","용인시","기흥구","동","지곡동","지곡동","베란다탄성코트","지곡동-베란다탄성코트","탄성코트","신규","P3","https://www.barumspace.co.kr/?k=%EC%A7%80%EA%B3%A1%EB%8F%99-%EB%B2%A0%EB%9E%80%EB%8B%A4%ED%83%84%EC%84%B1%EC%BD%94%ED%8A%B8"
"764","경기","용인시","기흥구","동","지곡동","지곡동","세탁실탄성코트","지곡동-세탁실탄성코트","탄성코트","신규","P3","https://www.barumspace.co.kr/?k=%EC%A7%80%EA%B3%A1%EB%8F%99-%EC%84%B8%ED%83%81%EC%8B%A4%ED%83%84%EC%84%B1%EC%BD%94%ED%8A%B8"
"765","경기","용인시","기흥구","동","지곡동","지곡동","아파트탄성코트","지곡동-아파트탄성코트","탄성코트","신규","P3","https://www.barumspace.co.kr/?k=%EC%A7%80%EA%B3%A1%EB%8F%99-%EC%95%84%ED%8C%8C%ED%8A%B8%ED%83%84%EC%84%B1%EC%BD%94%ED%8A%B8"
"766","경기","용인시","기흥구","동","지곡동","지곡동","탄성코트","지곡동-탄성코트","탄성코트","신규","P3","https://www.barumspace.co.kr/?k=%EC%A7%80%EA%B3%A1%EB%8F%99-%ED%83%84%EC%84%B1%EC%BD%94%ED%8A%B8"
"767","경기","용인시","기흥구","동","지곡동","지곡동","탄성코트시공","지곡동-탄성코트시공","탄성코트","신규","P3","https://www.barumspace.co.kr/?k=%EC%A7%80%EA%B3%A1%EB%8F%99-%ED%83%84%EC%84%B1%EC%BD%94%ED%8A%B8%EC%8B%9C%EA%B3%B5"
"768","경기","용인시","기흥구","동","지곡동","지곡동","탄성코트업체","지곡동-탄성코트업체","탄성코트","신규","P3","https://www.barumspace.co.kr/?k=%EC%A7%80%EA%B3%A1%EB%8F%99-%ED%83%84%EC%84%B1%EC%BD%94%ED%8A%B8%EC%97%85%EC%B2%B4"
"769","경기","용인시","기흥구","동","청덕동","청덕동","베란다탄성코트","청덕동-베란다탄성코트","탄성코트","신규","P3","https://www.barumspace.co.kr/?k=%EC%B2%AD%EB%8D%95%EB%8F%99-%EB%B2%A0%EB%9E%80%EB%8B%A4%ED%83%84%EC%84%B1%EC%BD%94%ED%8A%B8"
"770","경기","용인시","기흥구","동","청덕동","청덕동","세탁실탄성코트","청덕동-세탁실탄성코트","탄성코트","신규","P3","https://www.barumspace.co.kr/?k=%EC%B2%AD%EB%8D%95%EB%8F%99-%EC%84%B8%ED%83%81%EC%8B%A4%ED%83%84%EC%84%B1%EC%BD%94%ED%8A%B8"
"771","경기","용인시","기흥구","동","청덕동","청덕동","아파트탄성코트","청덕동-아파트탄성코트","탄성코트","신규","P3","https://www.barumspace.co.kr/?k=%EC%B2%AD%EB%8D%95%EB%8F%99-%EC%95%84%ED%8C%8C%ED%8A%B8%ED%83%84%EC%84%B1%EC%BD%94%ED%8A%B8"
"772","경기","용인시","기흥구","동","청덕동","청덕동","탄성코트","청덕동-탄성코트","탄성코트","신규","P3","https://www.barumspace.co.kr/?k=%EC%B2%AD%EB%8D%95%EB%8F%99-%ED%83%84%EC%84%B1%EC%BD%94%ED%8A%B8"
"773","경기","용인시","기흥구","동","청덕동","청덕동","탄성코트시공","청덕동-탄성코트시공","탄성코트","신규","P3","https://www.barumspace.co.kr/?k=%EC%B2%AD%EB%8D%95%EB%8F%99-%ED%83%84%EC%84%B1%EC%BD%94%ED%8A%B8%EC%8B%9C%EA%B3%B5"
"774","경기","용인시","기흥구","동","청덕동","청덕동","탄성코트업체","청덕동-탄성코트업체","탄성코트","신규","P3","https://www.barumspace.co.kr/?k=%EC%B2%AD%EB%8D%95%EB%8F%99-%ED%83%84%EC%84%B1%EC%BD%94%ED%8A%B8%EC%97%85%EC%B2%B4"
"775","경기","용인시","기흥구","동","하갈동","하갈동","베란다탄성코트","하갈동-베란다탄성코트","탄성코트","신규","P3","https://www.barumspace.co.kr/?k=%ED%95%98%EA%B0%88%EB%8F%99-%EB%B2%A0%EB%9E%80%EB%8B%A4%ED%83%84%EC%84%B1%EC%BD%94%ED%8A%B8"
"776","경기","용인시","기흥구","동","하갈동","하갈동","세탁실탄성코트","하갈동-세탁실탄성코트","탄성코트","신규","P3","https://www.barumspace.co.kr/?k=%ED%95%98%EA%B0%88%EB%8F%99-%EC%84%B8%ED%83%81%EC%8B%A4%ED%83%84%EC%84%B1%EC%BD%94%ED%8A%B8"
"777","경기","용인시","기흥구","동","하갈동","하갈동","아파트탄성코트","하갈동-아파트탄성코트","탄성코트","신규","P3","https://www.barumspace.co.kr/?k=%ED%95%98%EA%B0%88%EB%8F%99-%EC%95%84%ED%8C%8C%ED%8A%B8%ED%83%84%EC%84%B1%EC%BD%94%ED%8A%B8"
"778","경기","용인시","기흥구","동","하갈동","하갈동","탄성코트","하갈동-탄성코트","탄성코트","신규","P3","https://www.barumspace.co.kr/?k=%ED%95%98%EA%B0%88%EB%8F%99-%ED%83%84%EC%84%B1%EC%BD%94%ED%8A%B8"
"779","경기","용인시","기흥구","동","하갈동","하갈동","탄성코트시공","하갈동-탄성코트시공","탄성코트","신규","P3","https://www.barumspace.co.kr/?k=%ED%95%98%EA%B0%88%EB%8F%99-%ED%83%84%EC%84%B1%EC%BD%94%ED%8A%B8%EC%8B%9C%EA%B3%B5"
"780","경기","용인시","기흥구","동","하갈동","하갈동","탄성코트업체","하갈동-탄성코트업체","탄성코트","신규","P3","https://www.barumspace.co.kr/?k=%ED%95%98%EA%B0%88%EB%8F%99-%ED%83%84%EC%84%B1%EC%BD%94%ED%8A%B8%EC%97%85%EC%B2%B4"
"781","경기","용인시","수지구","동","고기동","고기동","베란다탄성코트","고기동-베란다탄성코트","탄성코트","신규","P3","https://www.barumspace.co.kr/?k=%EA%B3%A0%EA%B8%B0%EB%8F%99-%EB%B2%A0%EB%9E%80%EB%8B%A4%ED%83%84%EC%84%B1%EC%BD%94%ED%8A%B8"
"782","경기","용인시","수지구","동","고기동","고기동","세탁실탄성코트","고기동-세탁실탄성코트","탄성코트","신규","P3","https://www.barumspace.co.kr/?k=%EA%B3%A0%EA%B8%B0%EB%8F%99-%EC%84%B8%ED%83%81%EC%8B%A4%ED%83%84%EC%84%B1%EC%BD%94%ED%8A%B8"
"783","경기","용인시","수지구","동","고기동","고기동","아파트탄성코트","고기동-아파트탄성코트","탄성코트","신규","P3","https://www.barumspace.co.kr/?k=%EA%B3%A0%EA%B8%B0%EB%8F%99-%EC%95%84%ED%8C%8C%ED%8A%B8%ED%83%84%EC%84%B1%EC%BD%94%ED%8A%B8"
"784","경기","용인시","수지구","동","고기동","고기동","탄성코트","고기동-탄성코트","탄성코트","신규","P3","https://www.barumspace.co.kr/?k=%EA%B3%A0%EA%B8%B0%EB%8F%99-%ED%83%84%EC%84%B1%EC%BD%94%ED%8A%B8"
"785","경기","용인시","수지구","동","고기동","고기동","탄성코트시공","고기동-탄성코트시공","탄성코트","신규","P3","https://www.barumspace.co.kr/?k=%EA%B3%A0%EA%B8%B0%EB%8F%99-%ED%83%84%EC%84%B1%EC%BD%94%ED%8A%B8%EC%8B%9C%EA%B3%B5"
"786","경기","용인시","수지구","동","고기동","고기동","탄성코트업체","고기동-탄성코트업체","탄성코트","신규","P3","https://www.barumspace.co.kr/?k=%EA%B3%A0%EA%B8%B0%EB%8F%99-%ED%83%84%EC%84%B1%EC%BD%94%ED%8A%B8%EC%97%85%EC%B2%B4"
"787","경기","용인시","처인구","동","고림동","고림동","베란다탄성코트","고림동-베란다탄성코트","탄성코트","신규","P3","https://www.barumspace.co.kr/?k=%EA%B3%A0%EB%A6%BC%EB%8F%99-%EB%B2%A0%EB%9E%80%EB%8B%A4%ED%83%84%EC%84%B1%EC%BD%94%ED%8A%B8"
"788","경기","용인시","처인구","동","고림동","고림동","세탁실탄성코트","고림동-세탁실탄성코트","탄성코트","신규","P3","https://www.barumspace.co.kr/?k=%EA%B3%A0%EB%A6%BC%EB%8F%99-%EC%84%B8%ED%83%81%EC%8B%A4%ED%83%84%EC%84%B1%EC%BD%94%ED%8A%B8"
"789","경기","용인시","처인구","동","고림동","고림동","아파트탄성코트","고림동-아파트탄성코트","탄성코트","신규","P3","https://www.barumspace.co.kr/?k=%EA%B3%A0%EB%A6%BC%EB%8F%99-%EC%95%84%ED%8C%8C%ED%8A%B8%ED%83%84%EC%84%B1%EC%BD%94%ED%8A%B8"
"790","경기","용인시","처인구","동","고림동","고림동","탄성코트","고림동-탄성코트","탄성코트","신규","P3","https://www.barumspace.co.kr/?k=%EA%B3%A0%EB%A6%BC%EB%8F%99-%ED%83%84%EC%84%B1%EC%BD%94%ED%8A%B8"
"791","경기","용인시","처인구","동","고림동","고림동","탄성코트시공","고림동-탄성코트시공","탄성코트","신규","P3","https://www.barumspace.co.kr/?k=%EA%B3%A0%EB%A6%BC%EB%8F%99-%ED%83%84%EC%84%B1%EC%BD%94%ED%8A%B8%EC%8B%9C%EA%B3%B5"
"792","경기","용인시","처인구","동","고림동","고림동","탄성코트업체","고림동-탄성코트업체","탄성코트","신규","P3","https://www.barumspace.co.kr/?k=%EA%B3%A0%EB%A6%BC%EB%8F%99-%ED%83%84%EC%84%B1%EC%BD%94%ED%8A%B8%EC%97%85%EC%B2%B4"
"793","경기","용인시","처인구","동","김량장동","김량장동","베란다탄성코트","김량장동-베란다탄성코트","탄성코트","신규","P3","https://www.barumspace.co.kr/?k=%EA%B9%80%EB%9F%89%EC%9E%A5%EB%8F%99-%EB%B2%A0%EB%9E%80%EB%8B%A4%ED%83%84%EC%84%B1%EC%BD%94%ED%8A%B8"
"794","경기","용인시","처인구","동","김량장동","김량장동","세탁실탄성코트","김량장동-세탁실탄성코트","탄성코트","신규","P3","https://www.barumspace.co.kr/?k=%EA%B9%80%EB%9F%89%EC%9E%A5%EB%8F%99-%EC%84%B8%ED%83%81%EC%8B%A4%ED%83%84%EC%84%B1%EC%BD%94%ED%8A%B8"
"795","경기","용인시","처인구","동","김량장동","김량장동","아파트탄성코트","김량장동-아파트탄성코트","탄성코트","신규","P3","https://www.barumspace.co.kr/?k=%EA%B9%80%EB%9F%89%EC%9E%A5%EB%8F%99-%EC%95%84%ED%8C%8C%ED%8A%B8%ED%83%84%EC%84%B1%EC%BD%94%ED%8A%B8"
"796","경기","용인시","처인구","동","김량장동","김량장동","탄성코트","김량장동-탄성코트","탄성코트","신규","P3","https://www.barumspace.co.kr/?k=%EA%B9%80%EB%9F%89%EC%9E%A5%EB%8F%99-%ED%83%84%EC%84%B1%EC%BD%94%ED%8A%B8"
"797","경기","용인시","처인구","동","김량장동","김량장동","탄성코트시공","김량장동-탄성코트시공","탄성코트","신규","P3","https://www.barumspace.co.kr/?k=%EA%B9%80%EB%9F%89%EC%9E%A5%EB%8F%99-%ED%83%84%EC%84%B1%EC%BD%94%ED%8A%B8%EC%8B%9C%EA%B3%B5"
"798","경기","용인시","처인구","동","김량장동","김량장동","탄성코트업체","김량장동-탄성코트업체","탄성코트","신규","P3","https://www.barumspace.co.kr/?k=%EA%B9%80%EB%9F%89%EC%9E%A5%EB%8F%99-%ED%83%84%EC%84%B1%EC%BD%94%ED%8A%B8%EC%97%85%EC%B2%B4"
"799","경기","용인시","처인구","동","마평동","마평동","베란다탄성코트","마평동-베란다탄성코트","탄성코트","신규","P3","https://www.barumspace.co.kr/?k=%EB%A7%88%ED%8F%89%EB%8F%99-%EB%B2%A0%EB%9E%80%EB%8B%A4%ED%83%84%EC%84%B1%EC%BD%94%ED%8A%B8"
"800","경기","용인시","처인구","동","마평동","마평동","세탁실탄성코트","마평동-세탁실탄성코트","탄성코트","신규","P3","https://www.barumspace.co.kr/?k=%EB%A7%88%ED%8F%89%EB%8F%99-%EC%84%B8%ED%83%81%EC%8B%A4%ED%83%84%EC%84%B1%EC%BD%94%ED%8A%B8"
"801","경기","용인시","처인구","동","마평동","마평동","아파트탄성코트","마평동-아파트탄성코트","탄성코트","신규","P3","https://www.barumspace.co.kr/?k=%EB%A7%88%ED%8F%89%EB%8F%99-%EC%95%84%ED%8C%8C%ED%8A%B8%ED%83%84%EC%84%B1%EC%BD%94%ED%8A%B8"
"802","경기","용인시","처인구","동","마평동","마평동","탄성코트","마평동-탄성코트","탄성코트","신규","P3","https://www.barumspace.co.kr/?k=%EB%A7%88%ED%8F%89%EB%8F%99-%ED%83%84%EC%84%B1%EC%BD%94%ED%8A%B8"
"803","경기","용인시","처인구","동","마평동","마평동","탄성코트시공","마평동-탄성코트시공","탄성코트","신규","P3","https://www.barumspace.co.kr/?k=%EB%A7%88%ED%8F%89%EB%8F%99-%ED%83%84%EC%84%B1%EC%BD%94%ED%8A%B8%EC%8B%9C%EA%B3%B5"
"804","경기","용인시","처인구","동","마평동","마평동","탄성코트업체","마평동-탄성코트업체","탄성코트","신규","P3","https://www.barumspace.co.kr/?k=%EB%A7%88%ED%8F%89%EB%8F%99-%ED%83%84%EC%84%B1%EC%BD%94%ED%8A%B8%EC%97%85%EC%B2%B4"
"805","경기","용인시","처인구","동","삼가동","삼가동","베란다탄성코트","삼가동-베란다탄성코트","탄성코트","신규","P3","https://www.barumspace.co.kr/?k=%EC%82%BC%EA%B0%80%EB%8F%99-%EB%B2%A0%EB%9E%80%EB%8B%A4%ED%83%84%EC%84%B1%EC%BD%94%ED%8A%B8"
"806","경기","용인시","처인구","동","삼가동","삼가동","세탁실탄성코트","삼가동-세탁실탄성코트","탄성코트","신규","P3","https://www.barumspace.co.kr/?k=%EC%82%BC%EA%B0%80%EB%8F%99-%EC%84%B8%ED%83%81%EC%8B%A4%ED%83%84%EC%84%B1%EC%BD%94%ED%8A%B8"
"807","경기","용인시","처인구","동","삼가동","삼가동","아파트탄성코트","삼가동-아파트탄성코트","탄성코트","신규","P3","https://www.barumspace.co.kr/?k=%EC%82%BC%EA%B0%80%EB%8F%99-%EC%95%84%ED%8C%8C%ED%8A%B8%ED%83%84%EC%84%B1%EC%BD%94%ED%8A%B8"
"808","경기","용인시","처인구","동","삼가동","삼가동","탄성코트","삼가동-탄성코트","탄성코트","신규","P3","https://www.barumspace.co.kr/?k=%EC%82%BC%EA%B0%80%EB%8F%99-%ED%83%84%EC%84%B1%EC%BD%94%ED%8A%B8"
"809","경기","용인시","처인구","동","삼가동","삼가동","탄성코트시공","삼가동-탄성코트시공","탄성코트","신규","P3","https://www.barumspace.co.kr/?k=%EC%82%BC%EA%B0%80%EB%8F%99-%ED%83%84%EC%84%B1%EC%BD%94%ED%8A%B8%EC%8B%9C%EA%B3%B5"
"810","경기","용인시","처인구","동","삼가동","삼가동","탄성코트업체","삼가동-탄성코트업체","탄성코트","신규","P3","https://www.barumspace.co.kr/?k=%EC%82%BC%EA%B0%80%EB%8F%99-%ED%83%84%EC%84%B1%EC%BD%94%ED%8A%B8%EC%97%85%EC%B2%B4"
"811","경기","용인시","처인구","동","역북동","역북동","베란다탄성코트","역북동-베란다탄성코트","탄성코트","신규","P3","https://www.barumspace.co.kr/?k=%EC%97%AD%EB%B6%81%EB%8F%99-%EB%B2%A0%EB%9E%80%EB%8B%A4%ED%83%84%EC%84%B1%EC%BD%94%ED%8A%B8"
"812","경기","용인시","처인구","동","역북동","역북동","세탁실탄성코트","역북동-세탁실탄성코트","탄성코트","신규","P3","https://www.barumspace.co.kr/?k=%EC%97%AD%EB%B6%81%EB%8F%99-%EC%84%B8%ED%83%81%EC%8B%A4%ED%83%84%EC%84%B1%EC%BD%94%ED%8A%B8"
"813","경기","용인시","처인구","동","역북동","역북동","아파트탄성코트","역북동-아파트탄성코트","탄성코트","신규","P3","https://www.barumspace.co.kr/?k=%EC%97%AD%EB%B6%81%EB%8F%99-%EC%95%84%ED%8C%8C%ED%8A%B8%ED%83%84%EC%84%B1%EC%BD%94%ED%8A%B8"
"814","경기","용인시","처인구","동","역북동","역북동","탄성코트","역북동-탄성코트","탄성코트","신규","P3","https://www.barumspace.co.kr/?k=%EC%97%AD%EB%B6%81%EB%8F%99-%ED%83%84%EC%84%B1%EC%BD%94%ED%8A%B8"
"815","경기","용인시","처인구","동","역북동","역북동","탄성코트시공","역북동-탄성코트시공","탄성코트","신규","P3","https://www.barumspace.co.kr/?k=%EC%97%AD%EB%B6%81%EB%8F%99-%ED%83%84%EC%84%B1%EC%BD%94%ED%8A%B8%EC%8B%9C%EA%B3%B5"
"816","경기","용인시","처인구","동","역북동","역북동","탄성코트업체","역북동-탄성코트업체","탄성코트","신규","P3","https://www.barumspace.co.kr/?k=%EC%97%AD%EB%B6%81%EB%8F%99-%ED%83%84%EC%84%B1%EC%BD%94%ED%8A%B8%EC%97%85%EC%B2%B4"
"817","경기","용인시","처인구","동","운학동","운학동","베란다탄성코트","운학동-베란다탄성코트","탄성코트","신규","P3","https://www.barumspace.co.kr/?k=%EC%9A%B4%ED%95%99%EB%8F%99-%EB%B2%A0%EB%9E%80%EB%8B%A4%ED%83%84%EC%84%B1%EC%BD%94%ED%8A%B8"
"818","경기","용인시","처인구","동","운학동","운학동","세탁실탄성코트","운학동-세탁실탄성코트","탄성코트","신규","P3","https://www.barumspace.co.kr/?k=%EC%9A%B4%ED%95%99%EB%8F%99-%EC%84%B8%ED%83%81%EC%8B%A4%ED%83%84%EC%84%B1%EC%BD%94%ED%8A%B8"
"819","경기","용인시","처인구","동","운학동","운학동","아파트탄성코트","운학동-아파트탄성코트","탄성코트","신규","P3","https://www.barumspace.co.kr/?k=%EC%9A%B4%ED%95%99%EB%8F%99-%EC%95%84%ED%8C%8C%ED%8A%B8%ED%83%84%EC%84%B1%EC%BD%94%ED%8A%B8"
"820","경기","용인시","처인구","동","운학동","운학동","탄성코트","운학동-탄성코트","탄성코트","신규","P3","https://www.barumspace.co.kr/?k=%EC%9A%B4%ED%95%99%EB%8F%99-%ED%83%84%EC%84%B1%EC%BD%94%ED%8A%B8"
"821","경기","용인시","처인구","동","운학동","운학동","탄성코트시공","운학동-탄성코트시공","탄성코트","신규","P3","https://www.barumspace.co.kr/?k=%EC%9A%B4%ED%95%99%EB%8F%99-%ED%83%84%EC%84%B1%EC%BD%94%ED%8A%B8%EC%8B%9C%EA%B3%B5"
"822","경기","용인시","처인구","동","운학동","운학동","탄성코트업체","운학동-탄성코트업체","탄성코트","신규","P3","https://www.barumspace.co.kr/?k=%EC%9A%B4%ED%95%99%EB%8F%99-%ED%83%84%EC%84%B1%EC%BD%94%ED%8A%B8%EC%97%85%EC%B2%B4"
"823","경기","용인시","처인구","동","유방동","유방동","베란다탄성코트","유방동-베란다탄성코트","탄성코트","신규","P3","https://www.barumspace.co.kr/?k=%EC%9C%A0%EB%B0%A9%EB%8F%99-%EB%B2%A0%EB%9E%80%EB%8B%A4%ED%83%84%EC%84%B1%EC%BD%94%ED%8A%B8"
"824","경기","용인시","처인구","동","유방동","유방동","세탁실탄성코트","유방동-세탁실탄성코트","탄성코트","신규","P3","https://www.barumspace.co.kr/?k=%EC%9C%A0%EB%B0%A9%EB%8F%99-%EC%84%B8%ED%83%81%EC%8B%A4%ED%83%84%EC%84%B1%EC%BD%94%ED%8A%B8"
"825","경기","용인시","처인구","동","유방동","유방동","아파트탄성코트","유방동-아파트탄성코트","탄성코트","신규","P3","https://www.barumspace.co.kr/?k=%EC%9C%A0%EB%B0%A9%EB%8F%99-%EC%95%84%ED%8C%8C%ED%8A%B8%ED%83%84%EC%84%B1%EC%BD%94%ED%8A%B8"
"826","경기","용인시","처인구","동","유방동","유방동","탄성코트","유방동-탄성코트","탄성코트","신규","P3","https://www.barumspace.co.kr/?k=%EC%9C%A0%EB%B0%A9%EB%8F%99-%ED%83%84%EC%84%B1%EC%BD%94%ED%8A%B8"
"827","경기","용인시","처인구","동","유방동","유방동","탄성코트시공","유방동-탄성코트시공","탄성코트","신규","P3","https://www.barumspace.co.kr/?k=%EC%9C%A0%EB%B0%A9%EB%8F%99-%ED%83%84%EC%84%B1%EC%BD%94%ED%8A%B8%EC%8B%9C%EA%B3%B5"
"828","경기","용인시","처인구","동","유방동","유방동","탄성코트업체","유방동-탄성코트업체","탄성코트","신규","P3","https://www.barumspace.co.kr/?k=%EC%9C%A0%EB%B0%A9%EB%8F%99-%ED%83%84%EC%84%B1%EC%BD%94%ED%8A%B8%EC%97%85%EC%B2%B4"
"829","경기","용인시","처인구","동","호동","호동","베란다탄성코트","호동-베란다탄성코트","탄성코트","신규","P3","https://www.barumspace.co.kr/?k=%ED%98%B8%EB%8F%99-%EB%B2%A0%EB%9E%80%EB%8B%A4%ED%83%84%EC%84%B1%EC%BD%94%ED%8A%B8"
"830","경기","용인시","처인구","동","호동","호동","세탁실탄성코트","호동-세탁실탄성코트","탄성코트","신규","P3","https://www.barumspace.co.kr/?k=%ED%98%B8%EB%8F%99-%EC%84%B8%ED%83%81%EC%8B%A4%ED%83%84%EC%84%B1%EC%BD%94%ED%8A%B8"
"831","경기","용인시","처인구","동","호동","호동","아파트탄성코트","호동-아파트탄성코트","탄성코트","신규","P3","https://www.barumspace.co.kr/?k=%ED%98%B8%EB%8F%99-%EC%95%84%ED%8C%8C%ED%8A%B8%ED%83%84%EC%84%B1%EC%BD%94%ED%8A%B8"
"832","경기","용인시","처인구","동","호동","호동","탄성코트","호동-탄성코트","탄성코트","신규","P3","https://www.barumspace.co.kr/?k=%ED%98%B8%EB%8F%99-%ED%83%84%EC%84%B1%EC%BD%94%ED%8A%B8"
"833","경기","용인시","처인구","동","호동","호동","탄성코트시공","호동-탄성코트시공","탄성코트","신규","P3","https://www.barumspace.co.kr/?k=%ED%98%B8%EB%8F%99-%ED%83%84%EC%84%B1%EC%BD%94%ED%8A%B8%EC%8B%9C%EA%B3%B5"
"834","경기","용인시","처인구","동","호동","호동","탄성코트업체","호동-탄성코트업체","탄성코트","신규","P3","https://www.barumspace.co.kr/?k=%ED%98%B8%EB%8F%99-%ED%83%84%EC%84%B1%EC%BD%94%ED%8A%B8%EC%97%85%EC%B2%B4"
"835","경기","이천시","","동","고담동","고담동","베란다탄성코트","고담동-베란다탄성코트","탄성코트","신규","P3","https://www.barumspace.co.kr/?k=%EA%B3%A0%EB%8B%B4%EB%8F%99-%EB%B2%A0%EB%9E%80%EB%8B%A4%ED%83%84%EC%84%B1%EC%BD%94%ED%8A%B8"
"836","경기","이천시","","동","고담동","고담동","세탁실탄성코트","고담동-세탁실탄성코트","탄성코트","신규","P3","https://www.barumspace.co.kr/?k=%EA%B3%A0%EB%8B%B4%EB%8F%99-%EC%84%B8%ED%83%81%EC%8B%A4%ED%83%84%EC%84%B1%EC%BD%94%ED%8A%B8"
"837","경기","이천시","","동","고담동","고담동","아파트탄성코트","고담동-아파트탄성코트","탄성코트","신규","P3","https://www.barumspace.co.kr/?k=%EA%B3%A0%EB%8B%B4%EB%8F%99-%EC%95%84%ED%8C%8C%ED%8A%B8%ED%83%84%EC%84%B1%EC%BD%94%ED%8A%B8"
"838","경기","이천시","","동","고담동","고담동","탄성코트","고담동-탄성코트","탄성코트","신규","P3","https://www.barumspace.co.kr/?k=%EA%B3%A0%EB%8B%B4%EB%8F%99-%ED%83%84%EC%84%B1%EC%BD%94%ED%8A%B8"
"839","경기","이천시","","동","고담동","고담동","탄성코트시공","고담동-탄성코트시공","탄성코트","신규","P3","https://www.barumspace.co.kr/?k=%EA%B3%A0%EB%8B%B4%EB%8F%99-%ED%83%84%EC%84%B1%EC%BD%94%ED%8A%B8%EC%8B%9C%EA%B3%B5"
"840","경기","이천시","","동","고담동","고담동","탄성코트업체","고담동-탄성코트업체","탄성코트","신규","P3","https://www.barumspace.co.kr/?k=%EA%B3%A0%EB%8B%B4%EB%8F%99-%ED%83%84%EC%84%B1%EC%BD%94%ED%8A%B8%EC%97%85%EC%B2%B4"
"841","경기","이천시","","동","단월동","단월동","베란다탄성코트","단월동-베란다탄성코트","탄성코트","신규","P3","https://www.barumspace.co.kr/?k=%EB%8B%A8%EC%9B%94%EB%8F%99-%EB%B2%A0%EB%9E%80%EB%8B%A4%ED%83%84%EC%84%B1%EC%BD%94%ED%8A%B8"
"842","경기","이천시","","동","단월동","단월동","세탁실탄성코트","단월동-세탁실탄성코트","탄성코트","신규","P3","https://www.barumspace.co.kr/?k=%EB%8B%A8%EC%9B%94%EB%8F%99-%EC%84%B8%ED%83%81%EC%8B%A4%ED%83%84%EC%84%B1%EC%BD%94%ED%8A%B8"
"843","경기","이천시","","동","단월동","단월동","아파트탄성코트","단월동-아파트탄성코트","탄성코트","신규","P3","https://www.barumspace.co.kr/?k=%EB%8B%A8%EC%9B%94%EB%8F%99-%EC%95%84%ED%8C%8C%ED%8A%B8%ED%83%84%EC%84%B1%EC%BD%94%ED%8A%B8"
"844","경기","이천시","","동","단월동","단월동","탄성코트","단월동-탄성코트","탄성코트","신규","P3","https://www.barumspace.co.kr/?k=%EB%8B%A8%EC%9B%94%EB%8F%99-%ED%83%84%EC%84%B1%EC%BD%94%ED%8A%B8"
"845","경기","이천시","","동","단월동","단월동","탄성코트시공","단월동-탄성코트시공","탄성코트","신규","P3","https://www.barumspace.co.kr/?k=%EB%8B%A8%EC%9B%94%EB%8F%99-%ED%83%84%EC%84%B1%EC%BD%94%ED%8A%B8%EC%8B%9C%EA%B3%B5"
"846","경기","이천시","","동","단월동","단월동","탄성코트업체","단월동-탄성코트업체","탄성코트","신규","P3","https://www.barumspace.co.kr/?k=%EB%8B%A8%EC%9B%94%EB%8F%99-%ED%83%84%EC%84%B1%EC%BD%94%ED%8A%B8%EC%97%85%EC%B2%B4"
"847","경기","이천시","","동","대포동","대포동","베란다탄성코트","대포동-베란다탄성코트","탄성코트","신규","P3","https://www.barumspace.co.kr/?k=%EB%8C%80%ED%8F%AC%EB%8F%99-%EB%B2%A0%EB%9E%80%EB%8B%A4%ED%83%84%EC%84%B1%EC%BD%94%ED%8A%B8"
"848","경기","이천시","","동","대포동","대포동","세탁실탄성코트","대포동-세탁실탄성코트","탄성코트","신규","P3","https://www.barumspace.co.kr/?k=%EB%8C%80%ED%8F%AC%EB%8F%99-%EC%84%B8%ED%83%81%EC%8B%A4%ED%83%84%EC%84%B1%EC%BD%94%ED%8A%B8"
"849","경기","이천시","","동","대포동","대포동","아파트탄성코트","대포동-아파트탄성코트","탄성코트","신규","P3","https://www.barumspace.co.kr/?k=%EB%8C%80%ED%8F%AC%EB%8F%99-%EC%95%84%ED%8C%8C%ED%8A%B8%ED%83%84%EC%84%B1%EC%BD%94%ED%8A%B8"
"850","경기","이천시","","동","대포동","대포동","탄성코트","대포동-탄성코트","탄성코트","신규","P3","https://www.barumspace.co.kr/?k=%EB%8C%80%ED%8F%AC%EB%8F%99-%ED%83%84%EC%84%B1%EC%BD%94%ED%8A%B8"
"851","경기","이천시","","동","대포동","대포동","탄성코트시공","대포동-탄성코트시공","탄성코트","신규","P3","https://www.barumspace.co.kr/?k=%EB%8C%80%ED%8F%AC%EB%8F%99-%ED%83%84%EC%84%B1%EC%BD%94%ED%8A%B8%EC%8B%9C%EA%B3%B5"
"852","경기","이천시","","동","대포동","대포동","탄성코트업체","대포동-탄성코트업체","탄성코트","신규","P3","https://www.barumspace.co.kr/?k=%EB%8C%80%ED%8F%AC%EB%8F%99-%ED%83%84%EC%84%B1%EC%BD%94%ED%8A%B8%EC%97%85%EC%B2%B4"
"853","경기","이천시","","동","사음동","사음동","베란다탄성코트","사음동-베란다탄성코트","탄성코트","신규","P3","https://www.barumspace.co.kr/?k=%EC%82%AC%EC%9D%8C%EB%8F%99-%EB%B2%A0%EB%9E%80%EB%8B%A4%ED%83%84%EC%84%B1%EC%BD%94%ED%8A%B8"
"854","경기","이천시","","동","사음동","사음동","세탁실탄성코트","사음동-세탁실탄성코트","탄성코트","신규","P3","https://www.barumspace.co.kr/?k=%EC%82%AC%EC%9D%8C%EB%8F%99-%EC%84%B8%ED%83%81%EC%8B%A4%ED%83%84%EC%84%B1%EC%BD%94%ED%8A%B8"
"855","경기","이천시","","동","사음동","사음동","아파트탄성코트","사음동-아파트탄성코트","탄성코트","신규","P3","https://www.barumspace.co.kr/?k=%EC%82%AC%EC%9D%8C%EB%8F%99-%EC%95%84%ED%8C%8C%ED%8A%B8%ED%83%84%EC%84%B1%EC%BD%94%ED%8A%B8"
"856","경기","이천시","","동","사음동","사음동","탄성코트","사음동-탄성코트","탄성코트","신규","P3","https://www.barumspace.co.kr/?k=%EC%82%AC%EC%9D%8C%EB%8F%99-%ED%83%84%EC%84%B1%EC%BD%94%ED%8A%B8"
"857","경기","이천시","","동","사음동","사음동","탄성코트시공","사음동-탄성코트시공","탄성코트","신규","P3","https://www.barumspace.co.kr/?k=%EC%82%AC%EC%9D%8C%EB%8F%99-%ED%83%84%EC%84%B1%EC%BD%94%ED%8A%B8%EC%8B%9C%EA%B3%B5"
"858","경기","이천시","","동","사음동","사음동","탄성코트업체","사음동-탄성코트업체","탄성코트","신규","P3","https://www.barumspace.co.kr/?k=%EC%82%AC%EC%9D%8C%EB%8F%99-%ED%83%84%EC%84%B1%EC%BD%94%ED%8A%B8%EC%97%85%EC%B2%B4"
"859","경기","이천시","","동","장록동","장록동","베란다탄성코트","장록동-베란다탄성코트","탄성코트","신규","P3","https://www.barumspace.co.kr/?k=%EC%9E%A5%EB%A1%9D%EB%8F%99-%EB%B2%A0%EB%9E%80%EB%8B%A4%ED%83%84%EC%84%B1%EC%BD%94%ED%8A%B8"
"860","경기","이천시","","동","장록동","장록동","세탁실탄성코트","장록동-세탁실탄성코트","탄성코트","신규","P3","https://www.barumspace.co.kr/?k=%EC%9E%A5%EB%A1%9D%EB%8F%99-%EC%84%B8%ED%83%81%EC%8B%A4%ED%83%84%EC%84%B1%EC%BD%94%ED%8A%B8"
"861","경기","이천시","","동","장록동","장록동","아파트탄성코트","장록동-아파트탄성코트","탄성코트","신규","P3","https://www.barumspace.co.kr/?k=%EC%9E%A5%EB%A1%9D%EB%8F%99-%EC%95%84%ED%8C%8C%ED%8A%B8%ED%83%84%EC%84%B1%EC%BD%94%ED%8A%B8"
"862","경기","이천시","","동","장록동","장록동","탄성코트","장록동-탄성코트","탄성코트","신규","P3","https://www.barumspace.co.kr/?k=%EC%9E%A5%EB%A1%9D%EB%8F%99-%ED%83%84%EC%84%B1%EC%BD%94%ED%8A%B8"
"863","경기","이천시","","동","장록동","장록동","탄성코트시공","장록동-탄성코트시공","탄성코트","신규","P3","https://www.barumspace.co.kr/?k=%EC%9E%A5%EB%A1%9D%EB%8F%99-%ED%83%84%EC%84%B1%EC%BD%94%ED%8A%B8%EC%8B%9C%EA%B3%B5"
"864","경기","이천시","","동","장록동","장록동","탄성코트업체","장록동-탄성코트업체","탄성코트","신규","P3","https://www.barumspace.co.kr/?k=%EC%9E%A5%EB%A1%9D%EB%8F%99-%ED%83%84%EC%84%B1%EC%BD%94%ED%8A%B8%EC%97%85%EC%B2%B4"
"865","경기","이천시","","동","중리동","중리동","베란다탄성코트","중리동-베란다탄성코트","탄성코트","신규","P3","https://www.barumspace.co.kr/?k=%EC%A4%91%EB%A6%AC%EB%8F%99-%EB%B2%A0%EB%9E%80%EB%8B%A4%ED%83%84%EC%84%B1%EC%BD%94%ED%8A%B8"
"866","경기","이천시","","동","중리동","중리동","세탁실탄성코트","중리동-세탁실탄성코트","탄성코트","신규","P3","https://www.barumspace.co.kr/?k=%EC%A4%91%EB%A6%AC%EB%8F%99-%EC%84%B8%ED%83%81%EC%8B%A4%ED%83%84%EC%84%B1%EC%BD%94%ED%8A%B8"
"867","경기","이천시","","동","중리동","중리동","아파트탄성코트","중리동-아파트탄성코트","탄성코트","신규","P3","https://www.barumspace.co.kr/?k=%EC%A4%91%EB%A6%AC%EB%8F%99-%EC%95%84%ED%8C%8C%ED%8A%B8%ED%83%84%EC%84%B1%EC%BD%94%ED%8A%B8"
"868","경기","이천시","","동","중리동","중리동","탄성코트","중리동-탄성코트","탄성코트","신규","P3","https://www.barumspace.co.kr/?k=%EC%A4%91%EB%A6%AC%EB%8F%99-%ED%83%84%EC%84%B1%EC%BD%94%ED%8A%B8"
"869","경기","이천시","","동","중리동","중리동","탄성코트시공","중리동-탄성코트시공","탄성코트","신규","P3","https://www.barumspace.co.kr/?k=%EC%A4%91%EB%A6%AC%EB%8F%99-%ED%83%84%EC%84%B1%EC%BD%94%ED%8A%B8%EC%8B%9C%EA%B3%B5"
"870","경기","이천시","","동","중리동","중리동","탄성코트업체","중리동-탄성코트업체","탄성코트","신규","P3","https://www.barumspace.co.kr/?k=%EC%A4%91%EB%A6%AC%EB%8F%99-%ED%83%84%EC%84%B1%EC%BD%94%ED%8A%B8%EC%97%85%EC%B2%B4"
"871","경기","이천시","","동","증일동","증일동","베란다탄성코트","증일동-베란다탄성코트","탄성코트","신규","P3","https://www.barumspace.co.kr/?k=%EC%A6%9D%EC%9D%BC%EB%8F%99-%EB%B2%A0%EB%9E%80%EB%8B%A4%ED%83%84%EC%84%B1%EC%BD%94%ED%8A%B8"
"872","경기","이천시","","동","증일동","증일동","세탁실탄성코트","증일동-세탁실탄성코트","탄성코트","신규","P3","https://www.barumspace.co.kr/?k=%EC%A6%9D%EC%9D%BC%EB%8F%99-%EC%84%B8%ED%83%81%EC%8B%A4%ED%83%84%EC%84%B1%EC%BD%94%ED%8A%B8"
"873","경기","이천시","","동","증일동","증일동","아파트탄성코트","증일동-아파트탄성코트","탄성코트","신규","P3","https://www.barumspace.co.kr/?k=%EC%A6%9D%EC%9D%BC%EB%8F%99-%EC%95%84%ED%8C%8C%ED%8A%B8%ED%83%84%EC%84%B1%EC%BD%94%ED%8A%B8"
"874","경기","이천시","","동","증일동","증일동","탄성코트","증일동-탄성코트","탄성코트","신규","P3","https://www.barumspace.co.kr/?k=%EC%A6%9D%EC%9D%BC%EB%8F%99-%ED%83%84%EC%84%B1%EC%BD%94%ED%8A%B8"
"875","경기","이천시","","동","증일동","증일동","탄성코트시공","증일동-탄성코트시공","탄성코트","신규","P3","https://www.barumspace.co.kr/?k=%EC%A6%9D%EC%9D%BC%EB%8F%99-%ED%83%84%EC%84%B1%EC%BD%94%ED%8A%B8%EC%8B%9C%EA%B3%B5"
"876","경기","이천시","","동","증일동","증일동","탄성코트업체","증일동-탄성코트업체","탄성코트","신규","P3","https://www.barumspace.co.kr/?k=%EC%A6%9D%EC%9D%BC%EB%8F%99-%ED%83%84%EC%84%B1%EC%BD%94%ED%8A%B8%EC%97%85%EC%B2%B4"
"877","경기","이천시","","동","진리동","진리동","베란다탄성코트","진리동-베란다탄성코트","탄성코트","신규","P3","https://www.barumspace.co.kr/?k=%EC%A7%84%EB%A6%AC%EB%8F%99-%EB%B2%A0%EB%9E%80%EB%8B%A4%ED%83%84%EC%84%B1%EC%BD%94%ED%8A%B8"
"878","경기","이천시","","동","진리동","진리동","세탁실탄성코트","진리동-세탁실탄성코트","탄성코트","신규","P3","https://www.barumspace.co.kr/?k=%EC%A7%84%EB%A6%AC%EB%8F%99-%EC%84%B8%ED%83%81%EC%8B%A4%ED%83%84%EC%84%B1%EC%BD%94%ED%8A%B8"
"879","경기","이천시","","동","진리동","진리동","아파트탄성코트","진리동-아파트탄성코트","탄성코트","신규","P3","https://www.barumspace.co.kr/?k=%EC%A7%84%EB%A6%AC%EB%8F%99-%EC%95%84%ED%8C%8C%ED%8A%B8%ED%83%84%EC%84%B1%EC%BD%94%ED%8A%B8"
"880","경기","이천시","","동","진리동","진리동","탄성코트","진리동-탄성코트","탄성코트","신규","P3","https://www.barumspace.co.kr/?k=%EC%A7%84%EB%A6%AC%EB%8F%99-%ED%83%84%EC%84%B1%EC%BD%94%ED%8A%B8"
"881","경기","이천시","","동","진리동","진리동","탄성코트시공","진리동-탄성코트시공","탄성코트","신규","P3","https://www.barumspace.co.kr/?k=%EC%A7%84%EB%A6%AC%EB%8F%99-%ED%83%84%EC%84%B1%EC%BD%94%ED%8A%B8%EC%8B%9C%EA%B3%B5"
"882","경기","이천시","","동","진리동","진리동","탄성코트업체","진리동-탄성코트업체","탄성코트","신규","P3","https://www.barumspace.co.kr/?k=%EC%A7%84%EB%A6%AC%EB%8F%99-%ED%83%84%EC%84%B1%EC%BD%94%ED%8A%B8%EC%97%85%EC%B2%B4"
"883","경기","평택시","","동","가재동","가재동","베란다탄성코트","가재동-베란다탄성코트","탄성코트","신규","P3","https://www.barumspace.co.kr/?k=%EA%B0%80%EC%9E%AC%EB%8F%99-%EB%B2%A0%EB%9E%80%EB%8B%A4%ED%83%84%EC%84%B1%EC%BD%94%ED%8A%B8"
"884","경기","평택시","","동","가재동","가재동","세탁실탄성코트","가재동-세탁실탄성코트","탄성코트","신규","P3","https://www.barumspace.co.kr/?k=%EA%B0%80%EC%9E%AC%EB%8F%99-%EC%84%B8%ED%83%81%EC%8B%A4%ED%83%84%EC%84%B1%EC%BD%94%ED%8A%B8"
"885","경기","평택시","","동","가재동","가재동","아파트탄성코트","가재동-아파트탄성코트","탄성코트","신규","P3","https://www.barumspace.co.kr/?k=%EA%B0%80%EC%9E%AC%EB%8F%99-%EC%95%84%ED%8C%8C%ED%8A%B8%ED%83%84%EC%84%B1%EC%BD%94%ED%8A%B8"
"886","경기","평택시","","동","가재동","가재동","탄성코트","가재동-탄성코트","탄성코트","신규","P3","https://www.barumspace.co.kr/?k=%EA%B0%80%EC%9E%AC%EB%8F%99-%ED%83%84%EC%84%B1%EC%BD%94%ED%8A%B8"
"887","경기","평택시","","동","가재동","가재동","탄성코트시공","가재동-탄성코트시공","탄성코트","신규","P3","https://www.barumspace.co.kr/?k=%EA%B0%80%EC%9E%AC%EB%8F%99-%ED%83%84%EC%84%B1%EC%BD%94%ED%8A%B8%EC%8B%9C%EA%B3%B5"
"888","경기","평택시","","동","가재동","가재동","탄성코트업체","가재동-탄성코트업체","탄성코트","신규","P3","https://www.barumspace.co.kr/?k=%EA%B0%80%EC%9E%AC%EB%8F%99-%ED%83%84%EC%84%B1%EC%BD%94%ED%8A%B8%EC%97%85%EC%B2%B4"
"889","경기","평택시","","동","군문동","군문동","베란다탄성코트","군문동-베란다탄성코트","탄성코트","신규","P3","https://www.barumspace.co.kr/?k=%EA%B5%B0%EB%AC%B8%EB%8F%99-%EB%B2%A0%EB%9E%80%EB%8B%A4%ED%83%84%EC%84%B1%EC%BD%94%ED%8A%B8"
"890","경기","평택시","","동","군문동","군문동","세탁실탄성코트","군문동-세탁실탄성코트","탄성코트","신규","P3","https://www.barumspace.co.kr/?k=%EA%B5%B0%EB%AC%B8%EB%8F%99-%EC%84%B8%ED%83%81%EC%8B%A4%ED%83%84%EC%84%B1%EC%BD%94%ED%8A%B8"
"891","경기","평택시","","동","군문동","군문동","아파트탄성코트","군문동-아파트탄성코트","탄성코트","신규","P3","https://www.barumspace.co.kr/?k=%EA%B5%B0%EB%AC%B8%EB%8F%99-%EC%95%84%ED%8C%8C%ED%8A%B8%ED%83%84%EC%84%B1%EC%BD%94%ED%8A%B8"
"892","경기","평택시","","동","군문동","군문동","탄성코트","군문동-탄성코트","탄성코트","신규","P3","https://www.barumspace.co.kr/?k=%EA%B5%B0%EB%AC%B8%EB%8F%99-%ED%83%84%EC%84%B1%EC%BD%94%ED%8A%B8"
"893","경기","평택시","","동","군문동","군문동","탄성코트시공","군문동-탄성코트시공","탄성코트","신규","P3","https://www.barumspace.co.kr/?k=%EA%B5%B0%EB%AC%B8%EB%8F%99-%ED%83%84%EC%84%B1%EC%BD%94%ED%8A%B8%EC%8B%9C%EA%B3%B5"
"894","경기","평택시","","동","군문동","군문동","탄성코트업체","군문동-탄성코트업체","탄성코트","신규","P3","https://www.barumspace.co.kr/?k=%EA%B5%B0%EB%AC%B8%EB%8F%99-%ED%83%84%EC%84%B1%EC%BD%94%ED%8A%B8%EC%97%85%EC%B2%B4"
"895","경기","평택시","","동","도일동","도일동","베란다탄성코트","도일동-베란다탄성코트","탄성코트","신규","P3","https://www.barumspace.co.kr/?k=%EB%8F%84%EC%9D%BC%EB%8F%99-%EB%B2%A0%EB%9E%80%EB%8B%A4%ED%83%84%EC%84%B1%EC%BD%94%ED%8A%B8"
"896","경기","평택시","","동","도일동","도일동","세탁실탄성코트","도일동-세탁실탄성코트","탄성코트","신규","P3","https://www.barumspace.co.kr/?k=%EB%8F%84%EC%9D%BC%EB%8F%99-%EC%84%B8%ED%83%81%EC%8B%A4%ED%83%84%EC%84%B1%EC%BD%94%ED%8A%B8"
"897","경기","평택시","","동","도일동","도일동","아파트탄성코트","도일동-아파트탄성코트","탄성코트","신규","P3","https://www.barumspace.co.kr/?k=%EB%8F%84%EC%9D%BC%EB%8F%99-%EC%95%84%ED%8C%8C%ED%8A%B8%ED%83%84%EC%84%B1%EC%BD%94%ED%8A%B8"
"898","경기","평택시","","동","도일동","도일동","탄성코트","도일동-탄성코트","탄성코트","신규","P3","https://www.barumspace.co.kr/?k=%EB%8F%84%EC%9D%BC%EB%8F%99-%ED%83%84%EC%84%B1%EC%BD%94%ED%8A%B8"
"899","경기","평택시","","동","도일동","도일동","탄성코트시공","도일동-탄성코트시공","탄성코트","신규","P3","https://www.barumspace.co.kr/?k=%EB%8F%84%EC%9D%BC%EB%8F%99-%ED%83%84%EC%84%B1%EC%BD%94%ED%8A%B8%EC%8B%9C%EA%B3%B5"
"900","경기","평택시","","동","도일동","도일동","탄성코트업체","도일동-탄성코트업체","탄성코트","신규","P3","https://www.barumspace.co.kr/?k=%EB%8F%84%EC%9D%BC%EB%8F%99-%ED%83%84%EC%84%B1%EC%BD%94%ED%8A%B8%EC%97%85%EC%B2%B4"
"901","경기","평택시","","동","독곡동","독곡동","베란다탄성코트","독곡동-베란다탄성코트","탄성코트","신규","P3","https://www.barumspace.co.kr/?k=%EB%8F%85%EA%B3%A1%EB%8F%99-%EB%B2%A0%EB%9E%80%EB%8B%A4%ED%83%84%EC%84%B1%EC%BD%94%ED%8A%B8"
"902","경기","평택시","","동","독곡동","독곡동","세탁실탄성코트","독곡동-세탁실탄성코트","탄성코트","신규","P3","https://www.barumspace.co.kr/?k=%EB%8F%85%EA%B3%A1%EB%8F%99-%EC%84%B8%ED%83%81%EC%8B%A4%ED%83%84%EC%84%B1%EC%BD%94%ED%8A%B8"
"903","경기","평택시","","동","독곡동","독곡동","아파트탄성코트","독곡동-아파트탄성코트","탄성코트","신규","P3","https://www.barumspace.co.kr/?k=%EB%8F%85%EA%B3%A1%EB%8F%99-%EC%95%84%ED%8C%8C%ED%8A%B8%ED%83%84%EC%84%B1%EC%BD%94%ED%8A%B8"
"904","경기","평택시","","동","독곡동","독곡동","탄성코트","독곡동-탄성코트","탄성코트","신규","P3","https://www.barumspace.co.kr/?k=%EB%8F%85%EA%B3%A1%EB%8F%99-%ED%83%84%EC%84%B1%EC%BD%94%ED%8A%B8"
"905","경기","평택시","","동","독곡동","독곡동","탄성코트시공","독곡동-탄성코트시공","탄성코트","신규","P3","https://www.barumspace.co.kr/?k=%EB%8F%85%EA%B3%A1%EB%8F%99-%ED%83%84%EC%84%B1%EC%BD%94%ED%8A%B8%EC%8B%9C%EA%B3%B5"
"906","경기","평택시","","동","독곡동","독곡동","탄성코트업체","독곡동-탄성코트업체","탄성코트","신규","P3","https://www.barumspace.co.kr/?k=%EB%8F%85%EA%B3%A1%EB%8F%99-%ED%83%84%EC%84%B1%EC%BD%94%ED%8A%B8%EC%97%85%EC%B2%B4"
"907","경기","평택시","","동","모곡동","모곡동","베란다탄성코트","모곡동-베란다탄성코트","탄성코트","신규","P3","https://www.barumspace.co.kr/?k=%EB%AA%A8%EA%B3%A1%EB%8F%99-%EB%B2%A0%EB%9E%80%EB%8B%A4%ED%83%84%EC%84%B1%EC%BD%94%ED%8A%B8"
"908","경기","평택시","","동","모곡동","모곡동","세탁실탄성코트","모곡동-세탁실탄성코트","탄성코트","신규","P3","https://www.barumspace.co.kr/?k=%EB%AA%A8%EA%B3%A1%EB%8F%99-%EC%84%B8%ED%83%81%EC%8B%A4%ED%83%84%EC%84%B1%EC%BD%94%ED%8A%B8"
"909","경기","평택시","","동","모곡동","모곡동","아파트탄성코트","모곡동-아파트탄성코트","탄성코트","신규","P3","https://www.barumspace.co.kr/?k=%EB%AA%A8%EA%B3%A1%EB%8F%99-%EC%95%84%ED%8C%8C%ED%8A%B8%ED%83%84%EC%84%B1%EC%BD%94%ED%8A%B8"
"910","경기","평택시","","동","모곡동","모곡동","탄성코트","모곡동-탄성코트","탄성코트","신규","P3","https://www.barumspace.co.kr/?k=%EB%AA%A8%EA%B3%A1%EB%8F%99-%ED%83%84%EC%84%B1%EC%BD%94%ED%8A%B8"
"911","경기","평택시","","동","모곡동","모곡동","탄성코트시공","모곡동-탄성코트시공","탄성코트","신규","P3","https://www.barumspace.co.kr/?k=%EB%AA%A8%EA%B3%A1%EB%8F%99-%ED%83%84%EC%84%B1%EC%BD%94%ED%8A%B8%EC%8B%9C%EA%B3%B5"
"912","경기","평택시","","동","모곡동","모곡동","탄성코트업체","모곡동-탄성코트업체","탄성코트","신규","P3","https://www.barumspace.co.kr/?k=%EB%AA%A8%EA%B3%A1%EB%8F%99-%ED%83%84%EC%84%B1%EC%BD%94%ED%8A%B8%EC%97%85%EC%B2%B4"
"913","경기","평택시","","동","신대동","신대동","베란다탄성코트","신대동-베란다탄성코트","탄성코트","신규","P3","https://www.barumspace.co.kr/?k=%EC%8B%A0%EB%8C%80%EB%8F%99-%EB%B2%A0%EB%9E%80%EB%8B%A4%ED%83%84%EC%84%B1%EC%BD%94%ED%8A%B8"
"914","경기","평택시","","동","신대동","신대동","세탁실탄성코트","신대동-세탁실탄성코트","탄성코트","신규","P3","https://www.barumspace.co.kr/?k=%EC%8B%A0%EB%8C%80%EB%8F%99-%EC%84%B8%ED%83%81%EC%8B%A4%ED%83%84%EC%84%B1%EC%BD%94%ED%8A%B8"
"915","경기","평택시","","동","신대동","신대동","아파트탄성코트","신대동-아파트탄성코트","탄성코트","신규","P3","https://www.barumspace.co.kr/?k=%EC%8B%A0%EB%8C%80%EB%8F%99-%EC%95%84%ED%8C%8C%ED%8A%B8%ED%83%84%EC%84%B1%EC%BD%94%ED%8A%B8"
"916","경기","평택시","","동","신대동","신대동","탄성코트","신대동-탄성코트","탄성코트","신규","P3","https://www.barumspace.co.kr/?k=%EC%8B%A0%EB%8C%80%EB%8F%99-%ED%83%84%EC%84%B1%EC%BD%94%ED%8A%B8"
"917","경기","평택시","","동","신대동","신대동","탄성코트시공","신대동-탄성코트시공","탄성코트","신규","P3","https://www.barumspace.co.kr/?k=%EC%8B%A0%EB%8C%80%EB%8F%99-%ED%83%84%EC%84%B1%EC%BD%94%ED%8A%B8%EC%8B%9C%EA%B3%B5"
"918","경기","평택시","","동","신대동","신대동","탄성코트업체","신대동-탄성코트업체","탄성코트","신규","P3","https://www.barumspace.co.kr/?k=%EC%8B%A0%EB%8C%80%EB%8F%99-%ED%83%84%EC%84%B1%EC%BD%94%ED%8A%B8%EC%97%85%EC%B2%B4"
"919","경기","평택시","","동","원평동","원평동","베란다탄성코트","원평동-베란다탄성코트","탄성코트","신규","P3","https://www.barumspace.co.kr/?k=%EC%9B%90%ED%8F%89%EB%8F%99-%EB%B2%A0%EB%9E%80%EB%8B%A4%ED%83%84%EC%84%B1%EC%BD%94%ED%8A%B8"
"920","경기","평택시","","동","원평동","원평동","세탁실탄성코트","원평동-세탁실탄성코트","탄성코트","신규","P3","https://www.barumspace.co.kr/?k=%EC%9B%90%ED%8F%89%EB%8F%99-%EC%84%B8%ED%83%81%EC%8B%A4%ED%83%84%EC%84%B1%EC%BD%94%ED%8A%B8"
"921","경기","평택시","","동","원평동","원평동","아파트탄성코트","원평동-아파트탄성코트","탄성코트","신규","P3","https://www.barumspace.co.kr/?k=%EC%9B%90%ED%8F%89%EB%8F%99-%EC%95%84%ED%8C%8C%ED%8A%B8%ED%83%84%EC%84%B1%EC%BD%94%ED%8A%B8"
"922","경기","평택시","","동","원평동","원평동","탄성코트","원평동-탄성코트","탄성코트","신규","P3","https://www.barumspace.co.kr/?k=%EC%9B%90%ED%8F%89%EB%8F%99-%ED%83%84%EC%84%B1%EC%BD%94%ED%8A%B8"
"923","경기","평택시","","동","원평동","원평동","탄성코트시공","원평동-탄성코트시공","탄성코트","신규","P3","https://www.barumspace.co.kr/?k=%EC%9B%90%ED%8F%89%EB%8F%99-%ED%83%84%EC%84%B1%EC%BD%94%ED%8A%B8%EC%8B%9C%EA%B3%B5"
"924","경기","평택시","","동","원평동","원평동","탄성코트업체","원평동-탄성코트업체","탄성코트","신규","P3","https://www.barumspace.co.kr/?k=%EC%9B%90%ED%8F%89%EB%8F%99-%ED%83%84%EC%84%B1%EC%BD%94%ED%8A%B8%EC%97%85%EC%B2%B4"
"925","경기","평택시","","동","월곡동","월곡동","베란다탄성코트","월곡동-베란다탄성코트","탄성코트","신규","P3","https://www.barumspace.co.kr/?k=%EC%9B%94%EA%B3%A1%EB%8F%99-%EB%B2%A0%EB%9E%80%EB%8B%A4%ED%83%84%EC%84%B1%EC%BD%94%ED%8A%B8"
"926","경기","평택시","","동","월곡동","월곡동","세탁실탄성코트","월곡동-세탁실탄성코트","탄성코트","신규","P3","https://www.barumspace.co.kr/?k=%EC%9B%94%EA%B3%A1%EB%8F%99-%EC%84%B8%ED%83%81%EC%8B%A4%ED%83%84%EC%84%B1%EC%BD%94%ED%8A%B8"
"927","경기","평택시","","동","월곡동","월곡동","아파트탄성코트","월곡동-아파트탄성코트","탄성코트","신규","P3","https://www.barumspace.co.kr/?k=%EC%9B%94%EA%B3%A1%EB%8F%99-%EC%95%84%ED%8C%8C%ED%8A%B8%ED%83%84%EC%84%B1%EC%BD%94%ED%8A%B8"
"928","경기","평택시","","동","월곡동","월곡동","탄성코트","월곡동-탄성코트","탄성코트","신규","P3","https://www.barumspace.co.kr/?k=%EC%9B%94%EA%B3%A1%EB%8F%99-%ED%83%84%EC%84%B1%EC%BD%94%ED%8A%B8"
"929","경기","평택시","","동","월곡동","월곡동","탄성코트시공","월곡동-탄성코트시공","탄성코트","신규","P3","https://www.barumspace.co.kr/?k=%EC%9B%94%EA%B3%A1%EB%8F%99-%ED%83%84%EC%84%B1%EC%BD%94%ED%8A%B8%EC%8B%9C%EA%B3%B5"
"930","경기","평택시","","동","월곡동","월곡동","탄성코트업체","월곡동-탄성코트업체","탄성코트","신규","P3","https://www.barumspace.co.kr/?k=%EC%9B%94%EA%B3%A1%EB%8F%99-%ED%83%84%EC%84%B1%EC%BD%94%ED%8A%B8%EC%97%85%EC%B2%B4"
"931","경기","평택시","","동","유천동","유천동","베란다탄성코트","유천동-베란다탄성코트","탄성코트","신규","P3","https://www.barumspace.co.kr/?k=%EC%9C%A0%EC%B2%9C%EB%8F%99-%EB%B2%A0%EB%9E%80%EB%8B%A4%ED%83%84%EC%84%B1%EC%BD%94%ED%8A%B8"
"932","경기","평택시","","동","유천동","유천동","세탁실탄성코트","유천동-세탁실탄성코트","탄성코트","신규","P3","https://www.barumspace.co.kr/?k=%EC%9C%A0%EC%B2%9C%EB%8F%99-%EC%84%B8%ED%83%81%EC%8B%A4%ED%83%84%EC%84%B1%EC%BD%94%ED%8A%B8"
"933","경기","평택시","","동","유천동","유천동","아파트탄성코트","유천동-아파트탄성코트","탄성코트","신규","P3","https://www.barumspace.co.kr/?k=%EC%9C%A0%EC%B2%9C%EB%8F%99-%EC%95%84%ED%8C%8C%ED%8A%B8%ED%83%84%EC%84%B1%EC%BD%94%ED%8A%B8"
"934","경기","평택시","","동","유천동","유천동","탄성코트","유천동-탄성코트","탄성코트","신규","P3","https://www.barumspace.co.kr/?k=%EC%9C%A0%EC%B2%9C%EB%8F%99-%ED%83%84%EC%84%B1%EC%BD%94%ED%8A%B8"
"935","경기","평택시","","동","유천동","유천동","탄성코트시공","유천동-탄성코트시공","탄성코트","신규","P3","https://www.barumspace.co.kr/?k=%EC%9C%A0%EC%B2%9C%EB%8F%99-%ED%83%84%EC%84%B1%EC%BD%94%ED%8A%B8%EC%8B%9C%EA%B3%B5"
"936","경기","평택시","","동","유천동","유천동","탄성코트업체","유천동-탄성코트업체","탄성코트","신규","P3","https://www.barumspace.co.kr/?k=%EC%9C%A0%EC%B2%9C%EB%8F%99-%ED%83%84%EC%84%B1%EC%BD%94%ED%8A%B8%EC%97%85%EC%B2%B4"
"937","경기","평택시","","동","장당동","장당동","베란다탄성코트","장당동-베란다탄성코트","탄성코트","신규","P3","https://www.barumspace.co.kr/?k=%EC%9E%A5%EB%8B%B9%EB%8F%99-%EB%B2%A0%EB%9E%80%EB%8B%A4%ED%83%84%EC%84%B1%EC%BD%94%ED%8A%B8"
"938","경기","평택시","","동","장당동","장당동","세탁실탄성코트","장당동-세탁실탄성코트","탄성코트","신규","P3","https://www.barumspace.co.kr/?k=%EC%9E%A5%EB%8B%B9%EB%8F%99-%EC%84%B8%ED%83%81%EC%8B%A4%ED%83%84%EC%84%B1%EC%BD%94%ED%8A%B8"
"939","경기","평택시","","동","장당동","장당동","아파트탄성코트","장당동-아파트탄성코트","탄성코트","신규","P3","https://www.barumspace.co.kr/?k=%EC%9E%A5%EB%8B%B9%EB%8F%99-%EC%95%84%ED%8C%8C%ED%8A%B8%ED%83%84%EC%84%B1%EC%BD%94%ED%8A%B8"
"940","경기","평택시","","동","장당동","장당동","탄성코트","장당동-탄성코트","탄성코트","신규","P3","https://www.barumspace.co.kr/?k=%EC%9E%A5%EB%8B%B9%EB%8F%99-%ED%83%84%EC%84%B1%EC%BD%94%ED%8A%B8"
"941","경기","평택시","","동","장당동","장당동","탄성코트시공","장당동-탄성코트시공","탄성코트","신규","P3","https://www.barumspace.co.kr/?k=%EC%9E%A5%EB%8B%B9%EB%8F%99-%ED%83%84%EC%84%B1%EC%BD%94%ED%8A%B8%EC%8B%9C%EA%B3%B5"
"942","경기","평택시","","동","장당동","장당동","탄성코트업체","장당동-탄성코트업체","탄성코트","신규","P3","https://www.barumspace.co.kr/?k=%EC%9E%A5%EB%8B%B9%EB%8F%99-%ED%83%84%EC%84%B1%EC%BD%94%ED%8A%B8%EC%97%85%EC%B2%B4"
"943","경기","평택시","","동","죽백동","죽백동","베란다탄성코트","죽백동-베란다탄성코트","탄성코트","신규","P3","https://www.barumspace.co.kr/?k=%EC%A3%BD%EB%B0%B1%EB%8F%99-%EB%B2%A0%EB%9E%80%EB%8B%A4%ED%83%84%EC%84%B1%EC%BD%94%ED%8A%B8"
"944","경기","평택시","","동","죽백동","죽백동","세탁실탄성코트","죽백동-세탁실탄성코트","탄성코트","신규","P3","https://www.barumspace.co.kr/?k=%EC%A3%BD%EB%B0%B1%EB%8F%99-%EC%84%B8%ED%83%81%EC%8B%A4%ED%83%84%EC%84%B1%EC%BD%94%ED%8A%B8"
"945","경기","평택시","","동","죽백동","죽백동","아파트탄성코트","죽백동-아파트탄성코트","탄성코트","신규","P3","https://www.barumspace.co.kr/?k=%EC%A3%BD%EB%B0%B1%EB%8F%99-%EC%95%84%ED%8C%8C%ED%8A%B8%ED%83%84%EC%84%B1%EC%BD%94%ED%8A%B8"
"946","경기","평택시","","동","죽백동","죽백동","탄성코트","죽백동-탄성코트","탄성코트","신규","P3","https://www.barumspace.co.kr/?k=%EC%A3%BD%EB%B0%B1%EB%8F%99-%ED%83%84%EC%84%B1%EC%BD%94%ED%8A%B8"
"947","경기","평택시","","동","죽백동","죽백동","탄성코트시공","죽백동-탄성코트시공","탄성코트","신규","P3","https://www.barumspace.co.kr/?k=%EC%A3%BD%EB%B0%B1%EB%8F%99-%ED%83%84%EC%84%B1%EC%BD%94%ED%8A%B8%EC%8B%9C%EA%B3%B5"
"948","경기","평택시","","동","죽백동","죽백동","탄성코트업체","죽백동-탄성코트업체","탄성코트","신규","P3","https://www.barumspace.co.kr/?k=%EC%A3%BD%EB%B0%B1%EB%8F%99-%ED%83%84%EC%84%B1%EC%BD%94%ED%8A%B8%EC%97%85%EC%B2%B4"
"949","경기","평택시","","동","청룡동","청룡동","베란다탄성코트","청룡동-베란다탄성코트","탄성코트","신규","P3","https://www.barumspace.co.kr/?k=%EC%B2%AD%EB%A3%A1%EB%8F%99-%EB%B2%A0%EB%9E%80%EB%8B%A4%ED%83%84%EC%84%B1%EC%BD%94%ED%8A%B8"
"950","경기","평택시","","동","청룡동","청룡동","세탁실탄성코트","청룡동-세탁실탄성코트","탄성코트","신규","P3","https://www.barumspace.co.kr/?k=%EC%B2%AD%EB%A3%A1%EB%8F%99-%EC%84%B8%ED%83%81%EC%8B%A4%ED%83%84%EC%84%B1%EC%BD%94%ED%8A%B8"
"951","경기","평택시","","동","청룡동","청룡동","아파트탄성코트","청룡동-아파트탄성코트","탄성코트","신규","P3","https://www.barumspace.co.kr/?k=%EC%B2%AD%EB%A3%A1%EB%8F%99-%EC%95%84%ED%8C%8C%ED%8A%B8%ED%83%84%EC%84%B1%EC%BD%94%ED%8A%B8"
"952","경기","평택시","","동","청룡동","청룡동","탄성코트","청룡동-탄성코트","탄성코트","신규","P3","https://www.barumspace.co.kr/?k=%EC%B2%AD%EB%A3%A1%EB%8F%99-%ED%83%84%EC%84%B1%EC%BD%94%ED%8A%B8"
"953","경기","평택시","","동","청룡동","청룡동","탄성코트시공","청룡동-탄성코트시공","탄성코트","신규","P3","https://www.barumspace.co.kr/?k=%EC%B2%AD%EB%A3%A1%EB%8F%99-%ED%83%84%EC%84%B1%EC%BD%94%ED%8A%B8%EC%8B%9C%EA%B3%B5"
"954","경기","평택시","","동","청룡동","청룡동","탄성코트업체","청룡동-탄성코트업체","탄성코트","신규","P3","https://www.barumspace.co.kr/?k=%EC%B2%AD%EB%A3%A1%EB%8F%99-%ED%83%84%EC%84%B1%EC%BD%94%ED%8A%B8%EC%97%85%EC%B2%B4"
"955","경기","평택시","","동","칠괴동","칠괴동","베란다탄성코트","칠괴동-베란다탄성코트","탄성코트","신규","P3","https://www.barumspace.co.kr/?k=%EC%B9%A0%EA%B4%B4%EB%8F%99-%EB%B2%A0%EB%9E%80%EB%8B%A4%ED%83%84%EC%84%B1%EC%BD%94%ED%8A%B8"
"956","경기","평택시","","동","칠괴동","칠괴동","세탁실탄성코트","칠괴동-세탁실탄성코트","탄성코트","신규","P3","https://www.barumspace.co.kr/?k=%EC%B9%A0%EA%B4%B4%EB%8F%99-%EC%84%B8%ED%83%81%EC%8B%A4%ED%83%84%EC%84%B1%EC%BD%94%ED%8A%B8"
"957","경기","평택시","","동","칠괴동","칠괴동","아파트탄성코트","칠괴동-아파트탄성코트","탄성코트","신규","P3","https://www.barumspace.co.kr/?k=%EC%B9%A0%EA%B4%B4%EB%8F%99-%EC%95%84%ED%8C%8C%ED%8A%B8%ED%83%84%EC%84%B1%EC%BD%94%ED%8A%B8"
"958","경기","평택시","","동","칠괴동","칠괴동","탄성코트","칠괴동-탄성코트","탄성코트","신규","P3","https://www.barumspace.co.kr/?k=%EC%B9%A0%EA%B4%B4%EB%8F%99-%ED%83%84%EC%84%B1%EC%BD%94%ED%8A%B8"
"959","경기","평택시","","동","칠괴동","칠괴동","탄성코트시공","칠괴동-탄성코트시공","탄성코트","신규","P3","https://www.barumspace.co.kr/?k=%EC%B9%A0%EA%B4%B4%EB%8F%99-%ED%83%84%EC%84%B1%EC%BD%94%ED%8A%B8%EC%8B%9C%EA%B3%B5"
"960","경기","평택시","","동","칠괴동","칠괴동","탄성코트업체","칠괴동-탄성코트업체","탄성코트","신규","P3","https://www.barumspace.co.kr/?k=%EC%B9%A0%EA%B4%B4%EB%8F%99-%ED%83%84%EC%84%B1%EC%BD%94%ED%8A%B8%EC%97%85%EC%B2%B4"
"961","경기","평택시","","동","칠원동","칠원동","베란다탄성코트","칠원동-베란다탄성코트","탄성코트","신규","P3","https://www.barumspace.co.kr/?k=%EC%B9%A0%EC%9B%90%EB%8F%99-%EB%B2%A0%EB%9E%80%EB%8B%A4%ED%83%84%EC%84%B1%EC%BD%94%ED%8A%B8"
"962","경기","평택시","","동","칠원동","칠원동","세탁실탄성코트","칠원동-세탁실탄성코트","탄성코트","신규","P3","https://www.barumspace.co.kr/?k=%EC%B9%A0%EC%9B%90%EB%8F%99-%EC%84%B8%ED%83%81%EC%8B%A4%ED%83%84%EC%84%B1%EC%BD%94%ED%8A%B8"
"963","경기","평택시","","동","칠원동","칠원동","아파트탄성코트","칠원동-아파트탄성코트","탄성코트","신규","P3","https://www.barumspace.co.kr/?k=%EC%B9%A0%EC%9B%90%EB%8F%99-%EC%95%84%ED%8C%8C%ED%8A%B8%ED%83%84%EC%84%B1%EC%BD%94%ED%8A%B8"
"964","경기","평택시","","동","칠원동","칠원동","탄성코트","칠원동-탄성코트","탄성코트","신규","P3","https://www.barumspace.co.kr/?k=%EC%B9%A0%EC%9B%90%EB%8F%99-%ED%83%84%EC%84%B1%EC%BD%94%ED%8A%B8"
"965","경기","평택시","","동","칠원동","칠원동","탄성코트시공","칠원동-탄성코트시공","탄성코트","신규","P3","https://www.barumspace.co.kr/?k=%EC%B9%A0%EC%9B%90%EB%8F%99-%ED%83%84%EC%84%B1%EC%BD%94%ED%8A%B8%EC%8B%9C%EA%B3%B5"
"966","경기","평택시","","동","칠원동","칠원동","탄성코트업체","칠원동-탄성코트업체","탄성코트","신규","P3","https://www.barumspace.co.kr/?k=%EC%B9%A0%EC%9B%90%EB%8F%99-%ED%83%84%EC%84%B1%EC%BD%94%ED%8A%B8%EC%97%85%EC%B2%B4"
"967","경기","평택시","","동","통복동","통복동","베란다탄성코트","통복동-베란다탄성코트","탄성코트","신규","P3","https://www.barumspace.co.kr/?k=%ED%86%B5%EB%B3%B5%EB%8F%99-%EB%B2%A0%EB%9E%80%EB%8B%A4%ED%83%84%EC%84%B1%EC%BD%94%ED%8A%B8"
"968","경기","평택시","","동","통복동","통복동","세탁실탄성코트","통복동-세탁실탄성코트","탄성코트","신규","P3","https://www.barumspace.co.kr/?k=%ED%86%B5%EB%B3%B5%EB%8F%99-%EC%84%B8%ED%83%81%EC%8B%A4%ED%83%84%EC%84%B1%EC%BD%94%ED%8A%B8"
"969","경기","평택시","","동","통복동","통복동","아파트탄성코트","통복동-아파트탄성코트","탄성코트","신규","P3","https://www.barumspace.co.kr/?k=%ED%86%B5%EB%B3%B5%EB%8F%99-%EC%95%84%ED%8C%8C%ED%8A%B8%ED%83%84%EC%84%B1%EC%BD%94%ED%8A%B8"
"970","경기","평택시","","동","통복동","통복동","탄성코트","통복동-탄성코트","탄성코트","신규","P3","https://www.barumspace.co.kr/?k=%ED%86%B5%EB%B3%B5%EB%8F%99-%ED%83%84%EC%84%B1%EC%BD%94%ED%8A%B8"
"971","경기","평택시","","동","통복동","통복동","탄성코트시공","통복동-탄성코트시공","탄성코트","신규","P3","https://www.barumspace.co.kr/?k=%ED%86%B5%EB%B3%B5%EB%8F%99-%ED%83%84%EC%84%B1%EC%BD%94%ED%8A%B8%EC%8B%9C%EA%B3%B5"
"972","경기","평택시","","동","통복동","통복동","탄성코트업체","통복동-탄성코트업체","탄성코트","신규","P3","https://www.barumspace.co.kr/?k=%ED%86%B5%EB%B3%B5%EB%8F%99-%ED%83%84%EC%84%B1%EC%BD%94%ED%8A%B8%EC%97%85%EC%B2%B4"
"973","경기","평택시","","동","평택동","평택동","베란다탄성코트","평택동-베란다탄성코트","탄성코트","신규","P3","https://www.barumspace.co.kr/?k=%ED%8F%89%ED%83%9D%EB%8F%99-%EB%B2%A0%EB%9E%80%EB%8B%A4%ED%83%84%EC%84%B1%EC%BD%94%ED%8A%B8"
"974","경기","평택시","","동","평택동","평택동","세탁실탄성코트","평택동-세탁실탄성코트","탄성코트","신규","P3","https://www.barumspace.co.kr/?k=%ED%8F%89%ED%83%9D%EB%8F%99-%EC%84%B8%ED%83%81%EC%8B%A4%ED%83%84%EC%84%B1%EC%BD%94%ED%8A%B8"
"975","경기","평택시","","동","평택동","평택동","아파트탄성코트","평택동-아파트탄성코트","탄성코트","신규","P3","https://www.barumspace.co.kr/?k=%ED%8F%89%ED%83%9D%EB%8F%99-%EC%95%84%ED%8C%8C%ED%8A%B8%ED%83%84%EC%84%B1%EC%BD%94%ED%8A%B8"
"976","경기","평택시","","동","평택동","평택동","탄성코트","평택동-탄성코트","탄성코트","신규","P3","https://www.barumspace.co.kr/?k=%ED%8F%89%ED%83%9D%EB%8F%99-%ED%83%84%EC%84%B1%EC%BD%94%ED%8A%B8"
"977","경기","평택시","","동","평택동","평택동","탄성코트시공","평택동-탄성코트시공","탄성코트","신규","P3","https://www.barumspace.co.kr/?k=%ED%8F%89%ED%83%9D%EB%8F%99-%ED%83%84%EC%84%B1%EC%BD%94%ED%8A%B8%EC%8B%9C%EA%B3%B5"
"978","경기","평택시","","동","평택동","평택동","탄성코트업체","평택동-탄성코트업체","탄성코트","신규","P3","https://www.barumspace.co.kr/?k=%ED%8F%89%ED%83%9D%EB%8F%99-%ED%83%84%EC%84%B1%EC%BD%94%ED%8A%B8%EC%97%85%EC%B2%B4"
"979","경기","화성시","당성구","동","북양동","북양동","베란다탄성코트","북양동-베란다탄성코트","탄성코트","신규","P3","https://www.barumspace.co.kr/?k=%EB%B6%81%EC%96%91%EB%8F%99-%EB%B2%A0%EB%9E%80%EB%8B%A4%ED%83%84%EC%84%B1%EC%BD%94%ED%8A%B8"
"980","경기","화성시","당성구","동","북양동","북양동","세탁실탄성코트","북양동-세탁실탄성코트","탄성코트","신규","P3","https://www.barumspace.co.kr/?k=%EB%B6%81%EC%96%91%EB%8F%99-%EC%84%B8%ED%83%81%EC%8B%A4%ED%83%84%EC%84%B1%EC%BD%94%ED%8A%B8"
"981","경기","화성시","당성구","동","북양동","북양동","아파트탄성코트","북양동-아파트탄성코트","탄성코트","신규","P3","https://www.barumspace.co.kr/?k=%EB%B6%81%EC%96%91%EB%8F%99-%EC%95%84%ED%8C%8C%ED%8A%B8%ED%83%84%EC%84%B1%EC%BD%94%ED%8A%B8"
"982","경기","화성시","당성구","동","북양동","북양동","탄성코트","북양동-탄성코트","탄성코트","신규","P3","https://www.barumspace.co.kr/?k=%EB%B6%81%EC%96%91%EB%8F%99-%ED%83%84%EC%84%B1%EC%BD%94%ED%8A%B8"
"983","경기","화성시","당성구","동","북양동","북양동","탄성코트시공","북양동-탄성코트시공","탄성코트","신규","P3","https://www.barumspace.co.kr/?k=%EB%B6%81%EC%96%91%EB%8F%99-%ED%83%84%EC%84%B1%EC%BD%94%ED%8A%B8%EC%8B%9C%EA%B3%B5"
"984","경기","화성시","당성구","동","북양동","북양동","탄성코트업체","북양동-탄성코트업체","탄성코트","신규","P3","https://www.barumspace.co.kr/?k=%EB%B6%81%EC%96%91%EB%8F%99-%ED%83%84%EC%84%B1%EC%BD%94%ED%8A%B8%EC%97%85%EC%B2%B4"
"985","경기","화성시","당성구","동","신남동","신남동","베란다탄성코트","신남동-베란다탄성코트","탄성코트","신규","P3","https://www.barumspace.co.kr/?k=%EC%8B%A0%EB%82%A8%EB%8F%99-%EB%B2%A0%EB%9E%80%EB%8B%A4%ED%83%84%EC%84%B1%EC%BD%94%ED%8A%B8"
"986","경기","화성시","당성구","동","신남동","신남동","세탁실탄성코트","신남동-세탁실탄성코트","탄성코트","신규","P3","https://www.barumspace.co.kr/?k=%EC%8B%A0%EB%82%A8%EB%8F%99-%EC%84%B8%ED%83%81%EC%8B%A4%ED%83%84%EC%84%B1%EC%BD%94%ED%8A%B8"
"987","경기","화성시","당성구","동","신남동","신남동","아파트탄성코트","신남동-아파트탄성코트","탄성코트","신규","P3","https://www.barumspace.co.kr/?k=%EC%8B%A0%EB%82%A8%EB%8F%99-%EC%95%84%ED%8C%8C%ED%8A%B8%ED%83%84%EC%84%B1%EC%BD%94%ED%8A%B8"
"988","경기","화성시","당성구","동","신남동","신남동","탄성코트","신남동-탄성코트","탄성코트","신규","P3","https://www.barumspace.co.kr/?k=%EC%8B%A0%EB%82%A8%EB%8F%99-%ED%83%84%EC%84%B1%EC%BD%94%ED%8A%B8"
"989","경기","화성시","당성구","동","신남동","신남동","탄성코트시공","신남동-탄성코트시공","탄성코트","신규","P3","https://www.barumspace.co.kr/?k=%EC%8B%A0%EB%82%A8%EB%8F%99-%ED%83%84%EC%84%B1%EC%BD%94%ED%8A%B8%EC%8B%9C%EA%B3%B5"
"990","경기","화성시","당성구","동","신남동","신남동","탄성코트업체","신남동-탄성코트업체","탄성코트","신규","P3","https://www.barumspace.co.kr/?k=%EC%8B%A0%EB%82%A8%EB%8F%99-%ED%83%84%EC%84%B1%EC%BD%94%ED%8A%B8%EC%97%85%EC%B2%B4"
"991","경기","화성시","동탄구","동","방교동","방교동","베란다탄성코트","방교동-베란다탄성코트","탄성코트","신규","P3","https://www.barumspace.co.kr/?k=%EB%B0%A9%EA%B5%90%EB%8F%99-%EB%B2%A0%EB%9E%80%EB%8B%A4%ED%83%84%EC%84%B1%EC%BD%94%ED%8A%B8"
"992","경기","화성시","동탄구","동","방교동","방교동","세탁실탄성코트","방교동-세탁실탄성코트","탄성코트","신규","P3","https://www.barumspace.co.kr/?k=%EB%B0%A9%EA%B5%90%EB%8F%99-%EC%84%B8%ED%83%81%EC%8B%A4%ED%83%84%EC%84%B1%EC%BD%94%ED%8A%B8"
"993","경기","화성시","동탄구","동","방교동","방교동","아파트탄성코트","방교동-아파트탄성코트","탄성코트","신규","P3","https://www.barumspace.co.kr/?k=%EB%B0%A9%EA%B5%90%EB%8F%99-%EC%95%84%ED%8C%8C%ED%8A%B8%ED%83%84%EC%84%B1%EC%BD%94%ED%8A%B8"
"994","경기","화성시","동탄구","동","방교동","방교동","탄성코트","방교동-탄성코트","탄성코트","신규","P3","https://www.barumspace.co.kr/?k=%EB%B0%A9%EA%B5%90%EB%8F%99-%ED%83%84%EC%84%B1%EC%BD%94%ED%8A%B8"
"995","경기","화성시","동탄구","동","방교동","방교동","탄성코트시공","방교동-탄성코트시공","탄성코트","신규","P3","https://www.barumspace.co.kr/?k=%EB%B0%A9%EA%B5%90%EB%8F%99-%ED%83%84%EC%84%B1%EC%BD%94%ED%8A%B8%EC%8B%9C%EA%B3%B5"
"996","경기","화성시","동탄구","동","방교동","방교동","탄성코트업체","방교동-탄성코트업체","탄성코트","신규","P3","https://www.barumspace.co.kr/?k=%EB%B0%A9%EA%B5%90%EB%8F%99-%ED%83%84%EC%84%B1%EC%BD%94%ED%8A%B8%EC%97%85%EC%B2%B4"
"997","경기","화성시","효행구","동","반정동","반정동","베란다탄성코트","반정동-베란다탄성코트","탄성코트","신규","P3","https://www.barumspace.co.kr/?k=%EB%B0%98%EC%A0%95%EB%8F%99-%EB%B2%A0%EB%9E%80%EB%8B%A4%ED%83%84%EC%84%B1%EC%BD%94%ED%8A%B8"
"998","경기","화성시","효행구","동","반정동","반정동","세탁실탄성코트","반정동-세탁실탄성코트","탄성코트","신규","P3","https://www.barumspace.co.kr/?k=%EB%B0%98%EC%A0%95%EB%8F%99-%EC%84%B8%ED%83%81%EC%8B%A4%ED%83%84%EC%84%B1%EC%BD%94%ED%8A%B8"
"999","경기","화성시","효행구","동","반정동","반정동","아파트탄성코트","반정동-아파트탄성코트","탄성코트","신규","P3","https://www.barumspace.co.kr/?k=%EB%B0%98%EC%A0%95%EB%8F%99-%EC%95%84%ED%8C%8C%ED%8A%B8%ED%83%84%EC%84%B1%EC%BD%94%ED%8A%B8"
"1000","경기","화성시","효행구","동","반정동","반정동","탄성코트","반정동-탄성코트","탄성코트","신규","P3","https://www.barumspace.co.kr/?k=%EB%B0%98%EC%A0%95%EB%8F%99-%ED%83%84%EC%84%B1%EC%BD%94%ED%8A%B8"
"1001","경기","화성시","효행구","동","반정동","반정동","탄성코트시공","반정동-탄성코트시공","탄성코트","신규","P3","https://www.barumspace.co.kr/?k=%EB%B0%98%EC%A0%95%EB%8F%99-%ED%83%84%EC%84%B1%EC%BD%94%ED%8A%B8%EC%8B%9C%EA%B3%B5"
"1002","경기","화성시","효행구","동","반정동","반정동","탄성코트업체","반정동-탄성코트업체","탄성코트","신규","P3","https://www.barumspace.co.kr/?k=%EB%B0%98%EC%A0%95%EB%8F%99-%ED%83%84%EC%84%B1%EC%BD%94%ED%8A%B8%EC%97%85%EC%B2%B4"
"1003","경기","화성시","효행구","동","배양동","배양동","베란다탄성코트","배양동-베란다탄성코트","탄성코트","신규","P3","https://www.barumspace.co.kr/?k=%EB%B0%B0%EC%96%91%EB%8F%99-%EB%B2%A0%EB%9E%80%EB%8B%A4%ED%83%84%EC%84%B1%EC%BD%94%ED%8A%B8"
"1004","경기","화성시","효행구","동","배양동","배양동","세탁실탄성코트","배양동-세탁실탄성코트","탄성코트","신규","P3","https://www.barumspace.co.kr/?k=%EB%B0%B0%EC%96%91%EB%8F%99-%EC%84%B8%ED%83%81%EC%8B%A4%ED%83%84%EC%84%B1%EC%BD%94%ED%8A%B8"
"1005","경기","화성시","효행구","동","배양동","배양동","아파트탄성코트","배양동-아파트탄성코트","탄성코트","신규","P3","https://www.barumspace.co.kr/?k=%EB%B0%B0%EC%96%91%EB%8F%99-%EC%95%84%ED%8C%8C%ED%8A%B8%ED%83%84%EC%84%B1%EC%BD%94%ED%8A%B8"
"1006","경기","화성시","효행구","동","배양동","배양동","탄성코트","배양동-탄성코트","탄성코트","신규","P3","https://www.barumspace.co.kr/?k=%EB%B0%B0%EC%96%91%EB%8F%99-%ED%83%84%EC%84%B1%EC%BD%94%ED%8A%B8"
"1007","경기","화성시","효행구","동","배양동","배양동","탄성코트시공","배양동-탄성코트시공","탄성코트","신규","P3","https://www.barumspace.co.kr/?k=%EB%B0%B0%EC%96%91%EB%8F%99-%ED%83%84%EC%84%B1%EC%BD%94%ED%8A%B8%EC%8B%9C%EA%B3%B5"
"1008","경기","화성시","효행구","동","배양동","배양동","탄성코트업체","배양동-탄성코트업체","탄성코트","신규","P3","https://www.barumspace.co.kr/?k=%EB%B0%B0%EC%96%91%EB%8F%99-%ED%83%84%EC%84%B1%EC%BD%94%ED%8A%B8%EC%97%85%EC%B2%B4"
"1009","경기","화성시","효행구","동","안녕동","안녕동","베란다탄성코트","안녕동-베란다탄성코트","탄성코트","신규","P3","https://www.barumspace.co.kr/?k=%EC%95%88%EB%85%95%EB%8F%99-%EB%B2%A0%EB%9E%80%EB%8B%A4%ED%83%84%EC%84%B1%EC%BD%94%ED%8A%B8"
"1010","경기","화성시","효행구","동","안녕동","안녕동","세탁실탄성코트","안녕동-세탁실탄성코트","탄성코트","신규","P3","https://www.barumspace.co.kr/?k=%EC%95%88%EB%85%95%EB%8F%99-%EC%84%B8%ED%83%81%EC%8B%A4%ED%83%84%EC%84%B1%EC%BD%94%ED%8A%B8"
"1011","경기","화성시","효행구","동","안녕동","안녕동","아파트탄성코트","안녕동-아파트탄성코트","탄성코트","신규","P3","https://www.barumspace.co.kr/?k=%EC%95%88%EB%85%95%EB%8F%99-%EC%95%84%ED%8C%8C%ED%8A%B8%ED%83%84%EC%84%B1%EC%BD%94%ED%8A%B8"
"1012","경기","화성시","효행구","동","안녕동","안녕동","탄성코트","안녕동-탄성코트","탄성코트","신규","P3","https://www.barumspace.co.kr/?k=%EC%95%88%EB%85%95%EB%8F%99-%ED%83%84%EC%84%B1%EC%BD%94%ED%8A%B8"
"1013","경기","화성시","효행구","동","안녕동","안녕동","탄성코트시공","안녕동-탄성코트시공","탄성코트","신규","P3","https://www.barumspace.co.kr/?k=%EC%95%88%EB%85%95%EB%8F%99-%ED%83%84%EC%84%B1%EC%BD%94%ED%8A%B8%EC%8B%9C%EA%B3%B5"
"1014","경기","화성시","효행구","동","안녕동","안녕동","탄성코트업체","안녕동-탄성코트업체","탄성코트","신규","P3","https://www.barumspace.co.kr/?k=%EC%95%88%EB%85%95%EB%8F%99-%ED%83%84%EC%84%B1%EC%BD%94%ED%8A%B8%EC%97%85%EC%B2%B4"
"1015","경기","화성시","효행구","동","황계동","황계동","베란다탄성코트","황계동-베란다탄성코트","탄성코트","신규","P3","https://www.barumspace.co.kr/?k=%ED%99%A9%EA%B3%84%EB%8F%99-%EB%B2%A0%EB%9E%80%EB%8B%A4%ED%83%84%EC%84%B1%EC%BD%94%ED%8A%B8"
"1016","경기","화성시","효행구","동","황계동","황계동","세탁실탄성코트","황계동-세탁실탄성코트","탄성코트","신규","P3","https://www.barumspace.co.kr/?k=%ED%99%A9%EA%B3%84%EB%8F%99-%EC%84%B8%ED%83%81%EC%8B%A4%ED%83%84%EC%84%B1%EC%BD%94%ED%8A%B8"
"1017","경기","화성시","효행구","동","황계동","황계동","아파트탄성코트","황계동-아파트탄성코트","탄성코트","신규","P3","https://www.barumspace.co.kr/?k=%ED%99%A9%EA%B3%84%EB%8F%99-%EC%95%84%ED%8C%8C%ED%8A%B8%ED%83%84%EC%84%B1%EC%BD%94%ED%8A%B8"
"1018","경기","화성시","효행구","동","황계동","황계동","탄성코트","황계동-탄성코트","탄성코트","신규","P3","https://www.barumspace.co.kr/?k=%ED%99%A9%EA%B3%84%EB%8F%99-%ED%83%84%EC%84%B1%EC%BD%94%ED%8A%B8"
"1019","경기","화성시","효행구","동","황계동","황계동","탄성코트시공","황계동-탄성코트시공","탄성코트","신규","P3","https://www.barumspace.co.kr/?k=%ED%99%A9%EA%B3%84%EB%8F%99-%ED%83%84%EC%84%B1%EC%BD%94%ED%8A%B8%EC%8B%9C%EA%B3%B5"
"1020","경기","화성시","효행구","동","황계동","황계동","탄성코트업체","황계동-탄성코트업체","탄성코트","신규","P3","https://www.barumspace.co.kr/?k=%ED%99%A9%EA%B3%84%EB%8F%99-%ED%83%84%EC%84%B1%EC%BD%94%ED%8A%B8%EC%97%85%EC%B2%B4"